test_id,gravi_filter_id,mass_1_pre_ug,mass_2_pre_ug,mass_3_pre_ug,mass_1_post_ug,mass_2_post_ug,mass_3_post_ug,oc_ugcm2,ec_ugcm2,bc_880_ugcm2,xrf_F_ugcm2,xrf_Na_ugcm2,xrf_Mg_ugcm2,xrf_Al_ugcm2,xrf_Si_ugcm2,xrf_P_ugcm2,xrf_S_ugcm2,xrf_Cl_ugcm2,xrf_K_ugcm2,xrf_Ca_ugcm2,xrf_Ti_ugcm2,xrf_Cr_ugcm2,xrf_Mn_ugcm2,xrf_Fe_ugcm2,xrf_Ni_ugcm2,xrf_Cu_ugcm2,xrf_Zn_ugcm2,xrf_Ga_ugcm2,xrf_As_ugcm2,xrf_Se_ugcm2,xrf_Sr_ugcm2,xrf_Zr_ugcm2,xrf_Pb_ugcm2,xrf_Cd_ugcm2,xrf_In_ugcm2,xrf_Sn_ugcm2,xrf_Sb_ugcm2,xrf_Te_ugcm2,xrf_I_ugcm2
1 & 2,C6700,151808,151803,151806,167658,167658,167658,,,,47.5,[-0],0.02,0.078,7.112,0.0083,0.04685,0.0716,0.09285,0.05782,[0.00000],0.025,0.00576,0.1827,0.0658,0.00227,0.0073,0.0029,[0.00103],0.00516,[0.00086],[-0.0005],0.01542,[-0],[0.008],[0.029],[-0],[0.09],[-0]
3,C6689,152930,152931,152927,187957,187957,187957,3136.593,609.647,,33.88,[-0],[-0],0.1272,5.3915,0.00326,0.1249,0.9081,0.13206,0.7542,0.0045,0.00313,[0.00007],0.0582,0.0418,0.0189,0.0288,0,[0.0005],0,[0.0020],[0.0005],0.0167,[-0],[0.095],0,[-0],0,[0.50]
4,C6710,149705,149704,149701,182426,182424,182424,,,,40.25,[-0],0.0192,0.0914,6.231,0.00677,0.0587,0.8897,0.2868,0.066,0.0079,0.00569,0.0023,0.0527,0.02027,0.00472,0.02268,0.0033,0.00194,0,[-0],[-0.0004],0,[-0],[-0],[0.081],[-0.10],0,[-0]
5,C6695,149996,149994,149993,153756,153756,153754,,,,80.7,[-0.0020],0.0138,0.0781,9.664,0.00866,0.0336,[-0.0800],0.00758,0.00451,0.0033,[-0.00200],[-0.00050],0.0096,0.0331,0.0433,0.0318,0.00407,[0.00059],0,[-0],[0.0010],0,[0.037],[0.013],0,[-0.08],0,[-0]
6,C6693,148548,148548,148549,148681,148684,148684,22.83039,2.273668,,133.2,0.2015,0.0256,0.057,9.603,0.01095,0.03604,[-0.0300],0.22784,[-0.00200],[0.0018],[-0.00200],[-0.00080],[0.00011],[-0.00200],[0.00030],0.023,0.00242,[0.00063],0,[-0.00030],[-0.0001],0,[0.016],[0.016],[0.005],[-0],0,[-0.06]
7,C6694,154442,154441,154441,154448,154447,154444,9.121473,0.2481999,,146.7,[0.0034],0.0193,0.0664,10.486,0.00813,[0.00018],[-0.20000],0.00383,0.00095,[0.00057],[-0.00200],[-0.00020],[0.00135],[-0.00080],[-0.00001],0.00248,0.00286,[-0],0.00529,[-0],[-0],0.0153,[-0],[-0],0,[-0.00],[0.17],[-0]
8,C6697,152642,152639,152643,153753,153748,153753,620.4266,0.8400384,,56.4,[-0],0.017,0.0644,8.456,0.00996,0.1356,0.1539,0.02611,0.0163,[-0],0.00119,[-0.00080],0.0146,[0.00007],0.00742,0.01648,0.00286,[0.00051],0,[-0],[0.0001],0,[0.025],[-0],0,[-0.10],[0.07],[-0.02]
9,C3882,149215,149215,149219,149901,149903,149900,48.48487,15.2426,,#N/A,#N/A,#N/A,#N/A,#N/A,#N/A,#N/A,#N/A,#N/A,#N/A,#N/A,#N/A,#N/A,#N/A,#N/A,#N/A,#N/A,#N/A,#N/A,#N/A,#N/A,#N/A,#N/A,#N/A,#N/A,#N/A,#N/A,#N/A,#N/A
10,C6706,143635,143633,143632,143888,143883,143886,21.34159,2.407906,,130.7,0.4125,0.0384,0.0533,10.661,0.01092,0.07056,0.1956,0.14402,0.07566,[0.0005],[-0.00040],[-0.00040],0.00187,[-0.00100],[-0.00100],0.0512,0.0032,[0.00051],0,[-0],[-0],0.01542,[-0],[-0.003],[0.045],[-0],0,[-0]
11,C1981,155861,155862,155864,156102,156102,156101,20.63557,2.725246,,129,0.0783,0.0297,0.0696,9.154,0.00949,0.06066,0.0557,0.5279,0.004,[-0],[-0.00100],[-0.00030],0.00194,[-0.00080],[-0.00080],0.0222,0.00276,[0.00004],0.00544,[-0.00040],[-0.0003],0.0147,[0.051],[-0],[0.039],[-0.03],[0.19],[0.28]
12,C1998,154570,154570,154569,163754,163754,163754,470.2677,24.69892,,42.2,[-0],[0.0050],0.0427,5.7549,0.0047,0.03899,0.118,0.06281,0.00758,0.0033,[-0.00200],[-0.00030],0.0113,[-0.00100],[0.00150],0.00496,0.0023,[-0],0,[-0.00010],[-0.0004],0.0146,[-0],[-0.010],[0.041],[-0],0,[-0]
13,C1989,155895,155897,155897,162390,162390,162390,346.0434,20.38377,,61,[-0],0.0132,0.0686,7.404,0.00508,0.04563,[-0.0010],0.04402,0.00448,[0.00142],[-0.00200],[-0.00040],[0.00074],[-0.00060],[-0.00100],0.00576,0.00361,[0.00028],0,[0.00003],[-0],0.01494,[-0.000],[0.045],0,[-0],[0.24],[0.38]
14,C6698,150618,150618,150615,162899,162895,162895,599.4772,45.43414,,60.7,[-0],0.0278,0.0583,7.672,0.00672,0.03929,0.1578,0.02023,0.01515,[0.00012],[-0.00200],[-0.00060],[0.00116],[-0.00200],0.00545,0.00955,0.0025,[-0],0,[0.00095],[-0.0003],0.01454,[-0.007],[0.024],0,[-0.03],0,[-0]
15,C6716,148809,148808,148810,149292,149294,149291,28.60406,17.64024,,110.5,0.087,0.023,0.0839,11.299,0.00977,0.03802,0.026,0.23052,0.00332,[-0.0003],[-0.00200],[-0.00020],0.00271,[-0.00100],[0.00114],0.019,0.0034,[-0],0,[-0],[0.0003],0.0157,[-0],[0.040],0,[0.03],0,[-0]
16,C2003,158157,158161,158156,159122,159119,159122,84.28075,1.178934,,122,[0.0034],0.0204,0.0602,8.507,0.01453,0.9474,[-0.2000],0.00106,[-0.00100],[0.00057],[-0.00200],[-0.00100],0.00181,[-0.00070],[0.00025],0.00318,0.00216,0.00105,0.00538,[-0],[0.0004],0,[-0],[-0.010],0,[-0.10],0.41,[-0]
17,C6701,148586,148584,148583,148590,148590,148590,,,,146.7,[-0],0.0118,0.0658,9.635,0.00574,0.00334,[-0.2000],0.03192,0.00523,[0.00034],[-0.00040],[-0.00050],[0.00064],[-0],[0.00093],0.00471,0.00222,[-0],0,[-0],[-0.0001],0,[-0],[-0],0,[-0],0,[-0]
18,C6707,148067,148069,148065,149448,149444,149446,60.76587,44.87642,,52.7,0.0092,0.0353,0.0811,10.962,0.027,1.9089,[-0.2000],0.00918,0.00602,[0.00096],[-0.00100],[-0.00050],[0.00112],0.00313,[-0.00090],0.00898,0.00308,0.00136,0,[-0],[0.0007],0,[-0],[-0],0,[-0],0,[-0]
19,C3888,146109,146105,146107,152336,152333,152333,349.9765,0.473419,,63.5,[-0],0.0106,0.0432,8.086,0.00669,0.01998,[-0.0700],0.02036,0.00513,0.0028,[-0.00200],[-0.00030],[0.00007],[-0.00100],[-0.00070],0.00326,0.0025,[-0],0,[0.00033],[0.0005],0,[0.025],[-0],0,[-0.05],[0.06],[-0.20]
20,C6696,147665,147664,147664,147891,147891,147895,22.6219,6.302321,,132.1,0.0739,0.0172,0.0612,10.748,0.00878,0.03053,0.0381,0.18847,0.01734,0.00159,0.00146,[-0.00040],0.01426,[-0.00090],[0.00018],0.0144,0.00294,[0.00006],0,[0.00031],[-0],0.01558,[-0],[-0],[0.069],[-0],[0.22],[0.17]
21,C6714,147052,147053,147053,156455,156454,156454,504.7232,0.7961286,,61.6,[-0],0.0186,0.0556,7.674,0.0871,0.03869,1.2989,0.07437,0.00718,[0.00029],[-0.00200],[-0.00010],[0.00114],[-0.00090],0.00287,0.00318,0.0024,[0.00008],0,[0.00111],[-0],0,[-0],[0.017],0,[0.02],[0.12],[-0]
22,C6732,150030,150032,150031,150790,150795,150791,77.57741,0.4889503,,125,[-0],0.0066,0.1658,10.822,0.00526,0.0074,[-0.2000],0.0033,[0.00045],[0.00102],[-0.00200],[-0.00040],0.00477,[-0.00100],0.00302,0.00761,0,[-0],0,[-0],[0.0021],0.01473,[-0.001],[-0],0,[-0.06],0,[-0]
23,C6721,151314,151316,151314,151643,151643,151640,36.4025,0.6392855,,129.3,[-0.0007],0.0138,0.0811,10.007,0.00574,0.00998,[-0.2000],0.00448,0.00386,[0.00063],[-0.00200],[-0.00010],[0.00060],[-0.00200],[0.00136],0.00307,0.003,[-0],0,[-0],[-0],0.01466,[-0.000],[-0],0,[-0.10],0,[-0.00]
24,C6709,147340,147343,147339,150625,150622,150623,228.3595,0.4099574,,28.09,[-0],0.0153,0.0792,8.398,0.03423,0.0322,0.4731,[-0.00020],0.05156,[0.0007],[-0.00200],[-0.00060],0.00516,[-0.00100],[0.00121],0.00402,0.00318,[-0],0.00507,[-0.00020],[0.0005],0.01615,[-0.001],[-0],0,[-0.09],0,[0.24]
25,C6717,148109,148108,148107,148734,148734,148734,13.16786,30.62506,,97.4,[0.0011],0.0125,0.2741,9.877,0.00846,0.00456,[-0.20000],0.00804,0.00155,[-0.00010],[-0],[-0.00040],0.00236,[-0.00100],0.00225,0.01152,0.00326,[0.00115],0,[0.00150],[-0],0,[-0],[0.031],0,[-0],[0.22],[-0]
26,C6690,147909,147914,147910,148154,148154,148152,21.61467,0,,145.5,[-0.0020],0.0131,0.0581,10.476,0.00443,0.00603,[-0.20000],[0.00073],0.00577,0.00255,[-0.00100],[-0.00080],0.0448,[-0.00200],0.00359,0.00299,0.00316,[0.00030],0,[0.00036],[-0.0001],0.01491,[-0.004],[-0],[0.045],[-0],0,[-0]
27,C6758,158157,158154,158152,158244,158248,158246,7.318357,0.2670715,,158.2,[-0],0.0197,0.101,13.812,0.00819,0.01478,[-0.2000],0.00322,[-0.00100],[-0.00010],[-0.00060],[-0],0.00295,[-0.00100],0.00415,0.00665,0.00296,[-0],0,[0.00031],[-0],0,[-0],[-0],0,[-0],[0.10],[-0.20]
28,C6759,157170,157174,157169,158878,158882,158878,29.85984,51.54084,,49.4,[-0],0.0594,0.1568,15.422,5.6879,0.0487,0.5611,0.00299,[-0.00080],[0.0006],[0.00038],[0.00028],0.0103,[-0.00050],[-0.00030],0.00627,0,[-0],0,[0.00013],[0.0028],0.01479,[-0.006],[0.002],[0.016],[-0.10],[0.17],[-0]
29,C6762,153924,153922,153923,154822,154820,154822,60.78658,2.891001,,115.9,[-0],0.0176,0.093,11.738,0.0961,0.03961,0.2144,0.4779,0.00754,[-0.0003],[-0.00060],[-0.00100],[0.00066],[-0.00100],[-0.00030],0.00915,0.00308,[-0],0.00513,[-0],[-0],0.01545,[-0.005],[0.006],[0.022],[-0],[0.06],[0.04]
30,C6765,151336,151334,151334,151569,151572,151569,25.27814,8.93926,,120.6,0.6142,0.0491,0.093,10.193,0.01569,0.107,0.9203,0.30598,0.00742,[0.00108],[-0.00040],[-0.00080],0.00431,[-0.00200],0.0016,0.0673,0.00318,[0.00138],0,[0.00030],[-0.0001],0.0145,[-0.009],[-0],[0.003],[-0.06],[0.06],[-0.05]
31,C6761,158941,158943,158944,158938,158937,158934,4.364058,0.1448471,,163.6,[-0],0.0118,0.1067,12.949,0.00713,[-0.00200],[-0.20000],0.00475,0.00125,[0.0000],[-0.00200],[-0],0.00267,[-0.00100],[-0.00200],0.0152,0.00268,[-0],0.00513,[-0],[-0],0.01497,[-0],[0.031],0,[0.03],0,[-0.10]
32,C6767,157018,157022,157020,158154,158150,158151,132.997,0.3929323,,110.9,[-0],0.0317,0.093,11.898,0.00989,0.03175,[-0.1000],0.00292,0.00128,[0.0018],[-0.00200],[-0],[0.00066],[-0.00090],0.00225,0.00349,0.00224,[-0],0,[-0],[-0],0,[-0],[0.000],[0.043],[-0],0,[-0]
33,C6777,157913,157914,157911,161089,161086,161084,32.26599,156.5831,,18.5,0.1,0.0348,0.2114,15.035,0.034,0.1485,0.1235,0.02448,0.01431,[-0],[-0.00200],[-0.00100],0.00264,[0.00011],[-0.00070],0.01114,0.00294,[-0],0.00526,[-0.00010],[-0.0006],0.01466,[0.013],[-0],0,[-0],0,[-0]
34,C6775,154827,154829,154830,157276,157278,157276,315.2896,0.7328975,,63.7,[-0],0.0197,0.0685,9.716,0.01058,0.06849,[-0.0800],0.00467,0.00086,[0.00130],[-0.00200],[-0.00060],0.00254,[-0.00100],0.00203,0.01074,0.00294,[-0],0,[0.00022],[0.0005],0,[-0],[-0],[0.110],[-0.09],[0.14],[0.07]
35,C6771,152160,152160,152159,153001,152998,152999,21.12414,49.48972,,77.2,0.0281,0.0235,0.0917,11.149,0.0124,0.04184,[-0.1000],0.00761,[0.00057],[-0],[-0],[0.00002],[0.00123],[-0.00100],[-0.00100],0.00768,0.0023,[-0],0,[0.00031],[-0],0.01533,[-0],[0.064],[0.052],[-0.01],0,[-0]
36,C6789,158635,158635,158634,159861,159863,159862,92.93272,0.7154055,,116,[-0],0.0251,0.0759,11.696,0.00973,0.01557,[-0.2000],0.00314,[0.00026],[0.00063],[-0.00100],[-0],[0.00114],[-0.00100],[-0.00200],0.00227,0.00316,[-0],0,[0.00045],[0.0021],0.015,[0.001],[0.005],[0.072],[0.00],[0.25],[-0]
37,C6792,157532,157529,157530,157929,157928,157928,12.43004,24.58811,,117.4,0.014,0.0183,0.131,13.232,0.01143,0.02904,[-0.2000],0.01602,[0.00085],[-0],[-0.00100],[-0.00100],0.00293,[-0.00100],[0.00035],0.00364,0.00373,[0.00043],0,[0.00018],[-0],0,[0.047],[-0],0,[-0],[0.36],[0.04]
38,C6783,157339,157337,157337,157838,157840,157836,44.39951,0.5668581,,136.5,[-0],0.0083,0.1677,11.044,0.00551,0.04118,2.4984,0.03953,[-0],[0.00017],0.00534,0.03359,0.0187,[-0.00008],0.1631,0.1355,0.00302,[0.0013],0,[0.00081],[-0],0.0242,[0.018],[0.006],[0.072],[0.01],0,[-0]
39,C6780,156589,156591,156589,156839,156837,156838,19.19343,0.3849728,,147.2,0.009,[-0],0.5255,12.15,0.0128,0.5592,4.3684,0.0928,[-0],[-0],0.00273,0.064,0.0354,[-0.00060],0.1713,0.0961,0.00357,[-0],0,[-0],[0.0009],0.01719,[-0.007],[-0],0.68,[-0.09],0,1.38
40,C6832,153241,153239,153239,155144,155142,155144,98.20319,52.10947,,35.84,[-0.0020],0.0125,0.097,8.972,0.00757,0.048,4.1905,0.09378,[-0],0.0092,0.00515,0.00591,0.5184,0.00388,0.01256,0.0326,0.00308,[-0],0,[-0.00005],[-0],0.01527,[-0],[-0],0.27,[0.05],0,[-0]
41,C6833,150291,150293,150297,150434,150434,150436,27.26225,0.3690859,,138,[0.0014],0.0146,0.0502,8.355,0.00776,0.00815,[-0.2000],0.00365,0.01043,[0.0015],[-0.00100],[-0.00030],0.00599,[-0.00100],[0.00107],0.00381,0.00234,[-0],0.00583,[0.00009],[-0],0,[-0],[-0],[0.035],[-0.03],0,[-0]
42,C7021,155769,155763,155766,156269,156267,156269,20.2645,0.1898189,,118.3,[-0],[-0],0.2117,12.497,0.0147,0.2721,8.577,0.2725,[-0],[-0],0.177,0.016,0.8398,0.0793,0.0131,0.01446,0.00216,[0.00049],0,[-0],[-0],0,[0.015],[-0],4.6,[-0.08],[0.15],3.56
43,C6834,155376,155371,155370,157381,157379,157378,136.9664,0.895456,,88,[-0],[-0],0.2832,11.276,0.0173,0.0136,8.241,[-0],[-0],[-0],0.048,0.0096,0.2123,0.01909,0.0738,0.02033,0.00264,[0.00002],0.00516,[0.00034],[0.0007],0,[-0],[0.038],[0.036],11.92,[0.18],[-0]
44,C6835,152283,152282,152279,155171,155172,155173,102.9805,0.06417013,,93.3,[-0],[-0],0.2626,12.19,0.01675,0.0094,5.5803,[-0],[-0],[-0],0.1735,0.0239,0.7298,0.0756,0.1367,0.01478,0.00316,[-0],0,[-0.00040],[-0],0.01618,[-0],[-0],[0.067],8.91,[0.30],[-0]
45,C6838,156344,156342,156343,157214,157216,157213,55.80627,1.505493,,91.5,[-0],0.0968,0.2542,12.943,0.0237,0.0024,8.71,0.0635,[-0],[-0],0.0516,0.00498,0.3585,0.02734,1.9278,0.0763,0.0032,0.0021,0.00516,[0.00049],[0.0004],0.0202,[-0],[-0],0,8.6,[0.06],[-0.05]
46,C6839,158369,158372,158385,158859,158862,158861,28.69426,12.28089,,111.6,[-0],0.069,0.1886,14.202,0.01711,0.003,4.4343,0.02127,[-0],[-0],0.00717,[0.00069],0.1156,[0.00091],1.1393,0.0571,0.00355,[0.00034],0,[-0],[-0.0005],0.0207,[-0],[-0],[0.081],4.53,[0.21],[-0]
47,C6786,158421,158416,158415,158505,158504,158505,68.17461,-53.89631,,162.3,[0.0041],0.0202,0.0833,12.854,0.01247,0.00638,[-0.2000],0.00389,0.00108,[-0],[-0.00200],[-0.00100],0.0021,[-0.00090],0.00345,0.00322,0.00252,[-0],0,[-0.00030],[-0],0.01506,[0.035],[-0],[0.014],[-0],[0.08],[-0.08]
48,C6779,156944,156945,156946,159010,159011,159012,191.025,-0.000166575,,67.5,[-0],0.0165,0.0619,10.605,0.01701,0.0961,0.0662,0.00252,[0.00072],[-0],0.00276,[-0.00090],0.0153,0.00436,0.0199,0.00711,0.00318,[-0.00002],0,[0.00110],[0.0005],0.01664,[-0],[-0],0,[-0.06],0,[-0.08]
49,C7092,147664,147661,147665,148190,148193,148193,14.76321,31.45645,,92.4,0.0116,0.0121,0.0561,7.445,0.0134,0.02676,[-0.0080],0.00493,0.0217,[0.00108],[-0.00200],[-0.00040],0.00822,[-0.00100],0.00249,0.00572,0.00207,[0.00024],0.00588,[-0.00003],[-0.0001],0.01476,[-0],[0.006],[0.008],[-0.07],[0.16],[-0]
50,C7089,151715,151711,151711,152207,152202,152208,,,,110.1,[-0],0.0159,0.0385,7.441,0.0068,0.00898,[-0.1000],0.00136,0.00189,[-0],[-0.00100],[-0.00070],[0.00096],[-0.00100],0.0027,0.00387,0.00258,[0.00061],0.00581,[-0.00020],[-0.0003],0,[-0],[-0],[0.035],[-0.03],0,[-0]
51,C7088,149680,149679,149683,150000,149999,149999,10.81822,16.13022,,105,0.0147,0.0106,0.0507,7.38,0.01005,0.02247,[-0.1000],0.00879,[-0.00100],[0.00006],[-0.00100],[-0.00080],0.0266,[-0.00070],[0.00066],0.00675,0.00322,[0.00073],0.0054,[0.00072],[0.0006],0.01476,[0.006],[0.003],0,[-0.00],[0.25],[0.69]
52,C6781,158098,158099,158098,158447,158446,158447,11.23719,20.24604,,119.5,0.0176,0.0211,0.1029,13.238,0.01556,0.02046,[-0.1000],0.00461,[-0.00300],[0.0007],[-0.00200],[-0],0.00672,[-0.00100],[0.00148],0.00686,0.00304,[0.00006],0,[-0],[0.0020],0.0147,[-0],[0.007],0,[-0.09],[0.14],[-0]
53,C7147,148078,148079,148080,148317,148321,148320,14.81546,4.538669,,123.2,0.4067,0.0338,0.0597,8.174,0.0077,0.04868,0.8247,0.05469,0.00645,[0.00000],[-0.00100],[-0.00070],0.00757,[-0.00090],[0.00040],0.0335,0.0032,[0.00047],0.00546,[-0.00020],[-0],0.0146,[-0.000],[-0],[0.056],[-0],[0.12],[0.19]
54,C7148,146123,146126,146122,150519,150523,150522,334.4221,-63.16187,,41.2,[-0],0.0088,0.0576,6.094,0.00805,0.01266,1.3481,0.03456,0.0082,[-0.00030],[-0.00100],[0.00037],0.00269,[-0.00100],[-0.00010],0.00303,0,[-0],0.00511,[-0.00040],[-0.0001],0.015,[-0],[-0],0,[-0],0,[0.17]
55,C7141,150502,150501,150503,154077,154075,154074,291.5617,22.48315,,49.9,[-0],0.011,0.0668,6.494,0.00894,0.04714,0.9592,0.02246,0.00282,[-0],[-0.00200],[-0.00040],0.00335,[-0.00200],[-0.00010],0.00181,0.0023,[0.00020],0,[-0],[-0],0,[-0],[-0],[0.040],[-0.09],[0.15],[-0.20]
56,C7144,149027,149025,149024,149027,149028,149029,10.15233,-0.000167749,,133,[-0.0020],0.0071,0.0663,7.204,0.00561,[-0.00200],[-0.0900],0.00122,0.00505,[-0.00030],[-0.00100],[-0.00080],[0.00106],[-0.00090],[0.00032],0.00175,0.00318,[-0],0.00568,[0.00010],[0.0008],0.01494,[-0],[-0],[0.013],[-0.05],[0.27],[-0.20]
57,C7142,148836,148839,148836,149889,149892,149890,18.94591,9.75799,,96.1,0.0296,0.0068,0.0604,6.558,0.01099,0.0872,0.2327,0.11543,[0.00058],[-0.00010],[-0.00090],[-0.00040],0.00327,[-0.00080],0.00309,0.02619,0.00322,[-0],0.00551,[-0],[0.0003],0.01515,[-0],[0.002],[0.081],[-0.03],[0.14],[-0]
58,C7086,147928,147923,147925,155039,155039,155036,524.1866,0.9818071,,41.2,[-0],[-0],0.0847,5.3688,0.00604,0.01725,1.9544,0.03103,0.00887,[0.00170],[-0.00030],[-0.00050],0.0093,[-0.00010],0.0016,0.00578,0.0022,[-0],0,[-0],[0.0007],0,[-0],[0.015],[0.009],[-0],[0.14],[-0]
59,C7083,149802,149798,149802,149850,149855,149852,5.967398,0,,136.2,[-0.0020],0.0117,0.0578,7.695,0.00603,[-0.00100],[-0.20000],[0.00048],0.00876,[0.0008],[-0.00200],[-0],0.00431,[-0.00100],[-0.00100],0.00349,0,[-0],0,[0.00006],[-0],0,[0.035],[-0],[0.010],[-0.08],0,[-0]
60,C6770,152182,152184,152184,155545,155542,155543,294.2747,0.9536725,,55.7,[-0],0.0197,0.0854,8.139,0.01044,0.03279,0.5471,0.05468,[-0.00100],[-0],[-0.00200],[-0.00040],0.0024,[-0.00090],[-0.00200],0.0037,0.00222,[-0],0.00548,[-0.00020],[-0],0.01476,[-0],[0.005],[0.065],[-0.01],[0.26],[-0]
61,C7084,150964,150966,150964,151181,151177,151177,13.46013,11.39474,,114,0.5892,0.0459,0.0659,7.594,0.00939,0.1004,1.2188,0.26916,[-0.00020],[-0],[-0.00100],[-0.00020],0.00933,[-0.00100],[0.00107],0.0949,0.0023,[0.00036],0,[-0],[-0],0.01548,[-0],[-0],0,[0.07],0,[-0.08]
62,C2550,150931,150932,150927,155243,155243,155246,278.1131,22.31508,,45.1,[-0],0.016,0.0654,6.368,0.01388,0.02298,1.1764,0.15941,0.00557,0.0042,[-0.00200],[-0.00050],0.00151,[-0.00100],[-0.00040],0.00209,0.00252,[0.00038],0,[-0],[0.0027],0.01451,[0.001],[0.005],[0.071],[0.07],0,[-0.20]
63,C2549,150072,150070,150068,155929,155932,155931,459.028,20.34897,,44.2,[-0],[-0],0.0685,5.2435,0.0078,0.0252,0.9026,0.01102,[0.00049],[0.0016],[-0.00200],[-0.00020],[0.00092],[-0.00100],0.00374,0.00354,0.0027,[-0],0,[0.00010],[0.0024],0,[0.023],[-0.009],[0.024],[-0],[0.33],[0.26]
64,C2547,148410,148413,148414,149655,149656,149657,111.5531,6.769653,,61.8,[-0],0.0059,0.0379,6.225,0.00959,0.01754,1.154,0.11747,0.0029,[-0],[-0.00300],[-0.00004],[0.00098],[-0.00100],[-0.00080],0.00917,0.00336,[-0],0,[0.00007],[-0.0001],0.01497,[-0],[-0],[0.039],[-0],0,[0.12]
65,C2556,148199,148201,148201,148465,148467,148466,20.59143,10.17957,,109.9,0.0243,0.0168,0.0432,6.818,0.00583,0.01881,[-0.0070],0.069,0.00271,[-0.00005],[-0],[-0.00010],[0.00023],[-0],0.00408,0.0135,0.0033,[-0],0,[-0.00002],[0.0020],0.01551,[0.009],[-0.010],[0.032],[-0.09],0,[-0.10]
66,C2543,149959,149962,149964,148184,148183,148183,24.48917,15.46515,,92.2,0.0113,0.0141,0.0408,6.74,0.00772,0.03612,[-0.0400],0.05301,0.0025,[0.0003],[-0.00200],[-0.00040],0.00785,[-0.00100],0.00807,0.01125,0.00234,[0.00051],0,[-0.00040],[-0],0,[0.032],[-0.006],[0.022],[-0],0,[-0]
67,C2544,151943,151942,151941,157092,157094,157093,412.6887,14.33916,,50.2,[-0],[-0],0.0659,5.4529,0.00994,0.06577,0.9509,0.01294,0.0041,[-0.0002],[-0.00100],[-0.00070],0.00331,[-0.00090],0.0028,0.00448,0.0034,[0.00047],0.00546,[-0],[0.0002],0,[0.021],[0.009],[0.021],[-0],0,[-0]
68,C2562,151354,151358,151354,151521,151518,151520,14.8105,6.798318,,114.2,0.0901,0.0195,0.0458,7.18,0.00633,0.01826,0.1329,0.09043,0.00505,[-0],[-0.00200],[-0.00020],0.00214,[0.00004],[0.00030],0.01822,0.0031,[-0],0,[-0],[0.0001],0,[-0.005],[-0],0,[-0],0,[-0.09]
69,C2553,150984,150984,150984,156658,156657,156656,383.352,27.1057,,45.8,[-0],[-0],0.0589,5.7816,0.0872,0.03347,2.192,0.07268,0.00349,[-0],[-0.00200],[-0.00040],0.00299,[-0.00070],[-0.00090],0.0058,0.00286,[0.00038],0.00621,[-0],[0.0010],0,[0.032],[0.016],0,[-0.05],0,[0.01]
70,C2540,148229,148226,148230,149205,149205,149207,112.6738,-0.000167099,,78.2,[-0],0.0115,0.0369,6.856,0.01008,0.03832,[-0.1000],0.0011,0.00798,[0.00080],0.00117,[-0.00050],0.0221,[0.00019],[0.00016],0.00253,0.00286,[-0],0,[-0.00040],[-0],0,[0.014],[0.015],[0.012],[-0.09],[0.09],[-0.20]
71,C2559,148251,148255,148250,148792,148795,148798,53.83891,0.3107637,,104.4,[0.0031],0.0089,0.0939,7.345,0.01276,0.04117,3.4184,0.05253,[-0],[-0],0.1087,0.0621,0.4935,0.0508,0.1666,0.0579,0.00346,[0.00097],0.00529,[0.00046],[0.0014],0.01679,[0.015],[-0],[0.118],[-0.07],0,[0.10]
72,C2560,151695,151694,151691,152875,152872,152875,50.66893,45.67833,,52.8,[-0],[-0],0.071,6.686,0.00462,0.03,4.1199,0.09528,[-0],0.007,0.1024,0.00846,0.4968,0.04153,0.054,0.01429,0.00306,[0.00032],0,[0.00049],[0.0013],0,[-0],[-0],0.31,[-0.00],0,[0.92]
73,C2558,148070,148070,148067,,,,11.65803,17.92611,,105.5,0.0063,[0.0030],0.1521,7.341,0.00742,[-0.00030],[-0.0500],0.02846,[-0.00200],[0.00108],[-0.00200],[-0.00100],0.0023,[-0.00100],0.01049,0.00847,0.00268,[-0],0,[0.00010],[-0],0.01497,[0.022],[-0],[0.002],[-0],0,[-0.20]
74,C2614,148123,148123,148123,148819,148821,148822,16.82996,22.32703,,91.6,[-0.0020],0.0141,0.0772,10.031,0.1639,0.01655,0.6206,0.00614,0.00145,[-0],[-0.00200],[-0.00040],[0.00027],[-0.00200],0.00261,0.00333,0.0027,0.00103,0.00548,[-0.00010],[0.0010],0,[-0],[-0],0,[-0.08],[0.22],[-0]
75,C2607,145230,145231,145227,147329,147332,147332,172.9823,6.407691,,44.1,[-0],[-0],0.1086,7.285,0.9719,0.0445,3.7192,[-0],0.00813,[0.0012],[-0.00200],[-0.00030],0.00546,[-0.00090],[-0.00006],0.00375,0.0023,[-0],0.00561,[0.00025],[0.0005],0,[-0],[-0],[0.030],[-0],[0.11],[0.04]
76,C2609,148740,148735,148737,150204,150201,150202,213.6469,0.000681637,,68.4,[-0],[0.0022],0.2053,6.546,0.01,0.00532,0.0122,[0.00062],0.00872,[-0],[-0.00200],[-0.00030],[-0.00040],[-0.00100],[0.00138],0.00389,0.00312,[0.00067],0,[0.00110],[-0],0,[0.008],[0.008],[0.001],[-0],0,[0.16]
77,C2612,145001,144999,144999,145228,145226,145227,28.68981,0.09969174,,121.7,[-0],0.009,0.0487,7.14,0.01156,0.2658,[-0.0400],[0.00039],0.00113,[-0],[-0.00200],[-0.00040],0.015,[-0.00100],[-0.00004],0.00368,0,[0.00004],0,[-0],[-0],0.01524,[-0],[0.014],0,[-0.07],[0.06],[-0]
78,C2577,144154,144153,144150,141063,141062,141065,6.001305,-0.000496632,,135.1,[0.0009],0.0126,0.0365,7.45,0.00531,[-0.00200],[-0.2000],0.01145,0.00582,[-0],[-0.00200],[-0.00040],[-0.00003],[-0.00100],[-0.00020],0.00238,0.00304,0.0014,0.00546,[-0.00040],[-0],0,[0.021],[0.002],0,[-0],[0.07],[0.21]
79,C2605,145481,145484,145479,145496,145499,145502,6.931017,0.1303899,,136.4,[-0.0020],0.0131,0.0321,7.796,0.00569,[-0.00050],[-0.20000],[0.00001],0.0057,[-0],[-0.00300],[-0],0.0021,[-0.00100],[-0.00030],0.0041,0.0032,[0.00063],0,[0.00024],[-0],0.01497,[-0.004],[-0.003],0,[-0.10],0,[-0]
80,C2606,144830,144829,144827,144842,144841,144844,7.099031,-0.000333217,,138.6,[0.0010],0.011,0.0348,7.953,0.00703,0.00227,[-0.20000],0.00482,0.00322,[-0],[-0.00200],[-0.00060],0.01193,[-0.00100],[-0.00060],0.0264,0.00256,[-0],0.00592,[-0],[-0.0003],0,[0.028],[-0],0,[0.10],0,[-0]
81,C2579,146497,146495,146498,146717,146719,146716,34.0864,0.15296,,113.7,[-0.0030],0.0109,0.055,7.618,0.00655,0.00799,0.5161,0.00469,[-0.00010],[-0],[-0.00300],[-0.00020],[0.00056],[-0.00100],0.0286,0.00999,0.00348,[0.00022],0,[-0],[0.0007],0.0153,[-0.008],[-0],[0.008],[-0],0,[-0]
82,C2617,146430,146432,146430,146541,146540,146542,13.53885,2.434355,,126.7,0.0269,0.0089,0.0346,7.083,0.00656,[0.00052],0.61,0.03564,[-0.00300],[-0],[0.00060],0.00125,0.0495,[-0.00020],0.0517,0.0243,0.00266,0.00128,0.00526,[-0.00010],[0.0001],0,[-0],[0.006],0,[-0.09],0,[0.34]
83,C2631,148325,148321,148323,148565,148565,148565,,,,,,,,,,,,,,,,,,,,,,,,,,,,,,,,
84,C2630,145809,145810,145810,150401,150401,150403,,,,,,,,,,,,,,,,,,,,,,,,,,,,,,,,
85,C2628,149462,149461,149467,149463,149463,149461,,,,,,,,,,,,,,,,,,,,,,,,,,,,,,,,
