Exp. #,Experiment,ethane,Ethene,PROPANE,Propene,I-BUTANE,N-BUTANE,ETHYNE,1-Butene,t-2-Butene,c-2-Butene,cycopentane,I-PENTANE,N-PENTANE,t-2-pentene,1-pentene,cis-2-pentene,n-Hexane,isoprene,1-hexene,"2,4 dimethylpentane",n-Heptane,Benzene,cyclohexane,"2,3-dmp",2-methylhexane,3-methylhexane,"2,2,4-tmp",methylcyclohexane,"2,3,4 tmp",Toluene,2-methylheptane,3-methylheptane,n-octane,Ethylbenzene,m+p-xylene,Styrene,o-xylene,n-nonane,I-propylbenzene,n-propylbenzene,3-ethyltoluene,4-ethyltoluene,"1,3,5-trimethylbenzene",2-ethyltoluene,"1,2,4-trimethylbenzene",n-decane,"1,2,3-trimethylbenzene","1,3-diethylbenzene","1,4-diethylbenzene",C2HCl3,C2Cl4,acetonitrile,Acetaldehyde,Acetone,Isopropanol,Methylethylketone,a-pinene,b-pinene,limonene,Camphene
3,062123-1200-CXDP
4,062123-1500-SYPP,37836.98008382674,15023.532259945407,12154.7272223744,27173.476193702198,484.7680198847355,2918.550628288187,5397.380346908515,2402.2907109321172,6676.194300206967,1925.6972375178161,76.51937409996668,210.8775398191675,1778.8471161180391,783.6539743532277,2772.606257281771,770.261770924613,3161.4854193377287,1430.5635964042206,NA,8.038114556087821,596.224422826885,11599.972535227573,70.66253060971863,245.8286359682374,73.7403884799733,NA,5.25479045587037,23.119162186866127,NA,8608.575945381954,NA,NA,492.2062487749096,1035.6120219200118,2407.0885459985166,1270.1388794714978,724.8648272238503,351.3482760475894,85.26442510492667,246.29945278330803,663.6032142787514,344.16126724783805,275.9507752868155,240.10900674122897,730.5293963079629,142.25643821816,341.1926836784481,148.66761894691285,175.6980951190788,4364.041696112527,124.14267312525685,1517.7379672410063,64399.2568134746,25617.060854941523,599.0781995037183,8385.535961011361,3863.6079818896783,1385.1747831426699,2508.216420033239,583.9347324098366
5,062323-0900-OSBP
6,062323-1100-OSBB,250.24565019565566,27.975424945098236,138.17743030739626,17.585235108468066,30.796995718365245,88.15016373879654,12.009956475890682,3.0651468163229185,5.079386152763693,2.0580271481025307,9.333940571490057,49.830194102391545,53.29297030272721,0.19160581818308034,5.83029132471373,2.4908756363800446,198843.925782687,10.897866240095482,NA,10.339823317923171,13.254104695813533,38.524471437259805,535.0443242245942,10.996016179013662,14.622522584761834,1.2511249270384457,2.3930924818404247,3.371575654802781,1.8081143196127656,128.63866407224907,11.364892008924175,12.38996069992518,28.434514124288714,7.2083197447726075,15.162327739004448,8.168424679192203,9.32110311824044,38.986268577713275,2.3919804228203216,3.376913538099277,7.22735351284301,5.656189705703224,6.7069254992805085,2.566234218328315,15.00850461377457,42.69265593875814,4.971567153312826,2.723350599042293,6.179910974749818,NA,226.45813806926853,2124.6641828228553,602.5646342579149,874.2321582990485,2385.9301193978936,133.56654876685994,22.858938942639305,17.27710501478552,2.3922145405087645,4.199665526670942
7,062323-1330-BLKP,141.6697303177317,19.521672830036845,87.02583632267095,10.422668212906396,41.36955683024963,53.240000119248805,8.17323188634201,0.5695785481072136,3.0985073017032425,0.31896398694003963,5.782252600529938,38.70013677196988,203.4613549442323,0.25635602662448,9.456688982147487,4.044728420075129,NA,NA,NA,NA,8.13712643312676,10.846911348627927,4382.099788897832,5.545573477445844,5.24844654936676,5.777359767519998,2.379610047282753,NA,0.49805791687313433,64.72434406779233,2.1334051264880225,0.6492972124093982,9.229296090676446,2.6728024067422265,7.2855420441844565,3.975213647353008,3.922984177637784,5.260002568243345,0.6832912356120613,0.8297107861003602,2.6704635919590527,1.6894769663414413,2.2450997741539163,0.8719881116600987,3.5140692117191725,20.104646777396994,0.9273238197592264,1.1444843965538796,0.43599405583004935,26274.102752652645,1036.885923112406,145.64599561964866,523.1369953095722,NA,5136.324621354281,89.77201904323526,47.02154638032991,9.404309276065982,23.17885639218615,0.6638335959575986
8,062623-1000-MDFP
9,062623-1130-MDFB
10,062623-1330-CDXB
11,062623-1500-DFUB,1401.2061957478074,5328.045018986803,275.355072472912,1028.0524822139687,25.097515545745008,59.16437537027616,4538.597929480308,35.76169455463733,187.6886238929337,30.41753121107916,7.98753205097214,29.347592847967242,42.4971745025582,19.592059747667513,17.482145620995627,17.607735747583238,249.39236538140463,123.29731456596973,NA,9.038414372638611,10.081655658520681,3710.56854693284,2.8326400998992556,1.0331511083560838,1.9374000197868921,1.4351111257680682,3.123214296701477,1.336006820032019,0.19520089354384232,696.4569229036367,1.5541164984627478,0.9815472621869985,13.087296829159982,122.9038083843061,99.37227191975755,390.1128850388259,39.49800708669782,9.965722454852719,5.293798390726193,3.8735110176045313,25.85576123545846,12.831762546221949,3.0988088140836245,13.312352903758349,11.620533052813595,17.474139362319935,3.787432994991097,2.6913060022038535,1.5859481798701283,NA,243.43251501669914,21946.271520031376,1785.2393191532385,734.9800462556051,244.41854521084593,173.99980854243847,51.12387167760091,2.780592257274095,5.122143631820701,1.0244287263641403
12,062623-1630-DFUB,8750.325434421431,6234.724061179519,2703.2917704170472,4164.478191199603,130.03826378654247,507.7157031202909,2073.98658125298,399.1846814294864,791.5282725700796,315.4166407533933,24.6747002502463,67.9086994934262,136.93320872251056,99.43046389184119,168.45907318087376,104.07273878554807,573.3767749258835,206.43410535560156,NA,0.7394350220386109,32.613818962179856,1211.943017656626,NA,13.559890895013552,14.847396035821104,42.52409544240025,3.8233490602852678,1.906981040465012,NA,828.4307290623408,4.847407366697561,4.724168196357794,11.255844224365527,136.12776273530483,366.074855916793,78.58689202615042,137.27329790558787,43.68441960084759,5.144424341055218,22.566298370006923,103.59345256722702,54.54827651489585,59.744491086876565,34.27369586334164,148.1940053877083,29.1678264719754,28.5753318440126,12.744022123834078,24.03985991541428,NA,101.38441219797673,12043.225599197242,15997.971330674618,5811.348148498562,244.74923030995055,2089.738504461546,NA,NA,30.91856645606091,1.0289855714378433
13,062823-0900-OSBP,14423.531602282812,8909.293326897712,4816.259539372724,7995.417724984031,210.35282510596997,1385.5932649954789,2381.18182666545,866.8587275928429,2165.935224548539,695.8508275405839,33.81940152878817,143.39493054921903,794.4587870583891,351.4250060139524,957.5774970344994,315.10160857672554,564.2710436488514,510.9526214611002,NA,4.278406074506649,206.07553835242592,3102.7380540094396,36.419848531351356,49.63209283468682,NA,NA,5.165155056282298,14.625303289839326,NA,3334.3622519763094,42.38138723217174,22.549716722105632,166.80750271664746,360.95965959992697,1223.940984463265,483.06135968204853,435.49092826391717,130.84681374582132,20.499173599993366,100.37709036689256,254.98590713213275,185.8421990742661,275.44109229965244,139.35207543570047,324.967519472763,131.6064625102652,118.01591416223572,63.406377278043685,77.89757357759659,NA,182.6828759964497,1546.914195675346,19316.68895890189,9456.95652949325,482.78996841638116,3583.203580582814,NA,NA,29.478613141108067,1.3208339900292818
14,062823-1100-SYPP,8400.63374213324,7306.779060823328,2656.3841438504874,5115.491726066448,144.41304545784845,755.0366394751005,1528.7745641692604,471.96596057187236,1239.7557675045023,378.88716783163255,20.60677711882829,158.75463113067,488.62947520456896,131.98837624645685,551.1853492535511,143.11866095777307,686.4891722117927,250.1179845874751,NA,5.513718730910944,115.03654205041305,1807.3685512249774,19.809299306756685,29.332908208170075,34.83342489075415,NA,5.151077772489994,21.678638998790987,NA,1416.5902258690314,18.250836419371883,16.28470415873698,292.1416087269481,179.37929537846725,457.0099744714304,186.9959754224712,153.8331410200277,66.57028839080752,13.583889883358488,53.031146266488946,118.98577314966305,80.1609514338802,60.31786865425078,43.74698540031933,158.64364112120992,57.98083667083623,70.07847827242558,28.528458906293203,38.975500195921704,NA,NA,32551.39212426271,16188.624268737232,6623.757731416889,367.529682903716,1679.8153522216844,601.1804472595813,212.64617075302866,433.65339928680453,127.81202351422748
15,062823-1300-SYPB,1073.9335942741914,5239.727056241791,182.15856616779192,1036.6368908020384,119.89397717427005,288.7194132638875,4234.072808805694,46.36172297720874,219.8786717495019,40.53255636583369,8.959500377284396,236.4988503769337,138.11661817423789,25.859782430062833,66.79137744815218,24.10967594237171,291.60100368963936,109.90699276148179,61.67267948724774,18.671047024514852,19.96105541125263,3267.812827072636,8.179151090534381,6.41061654993407,4.92497068090719,5.111522600638525,3.7046641980706303,17.220674735041165,0.5074882463110454,611.2178533817606,6.507221400343446,8.591233482806379,113.77004735894586,90.61047922668845,78.75046885670307,264.4878008800899,38.663633806152404,6.39967663895262,8.45918004405684,5.326150398109862,27.73781289384916,10.795256910038592,5.23663526536852,8.446288971280195,17.186905486337704,77.34971342013198,8.996270840504891,1.1994729900042878,2.898726392510363,NA,333.4207831959841,11777.172529949428,1749.646065637732,2047.8460623567305,442.20475574223053,126.06458220543921,28.104534497974115,16.893158822789495,67.31898425778276,7.660261207931571
16,062823-1430-ASHP,443.9843939820815,295.661174866868,231.60540755292737,190.9438727161001,51.96498694004795,156.40400559016877,35.7407322327822,20.12856984924636,76.13227131179856,14.927494832248826,7.603319793332416,73.9090943318016,138.312957793001,7.833723423433398,49.050372808164674,7.833723423433398,127.65701160068846,50.76326057942811,NA,6.419216290553046,57.08076134011382,30.30114466248602,14.803755291806377,7.476244719225402,15.175218421618984,5.777553037628433,3.630830576529325,11.753311222291703,1.8402839908436306,59.18068779663884,16.840021957035265,16.256456839712257,246.38952917830554,14.14209708379626,21.155027418500712,15.96348458304786,6.702966563004803,42.173064396410126,1.930084293780114,5.7902528813403435,7.200351562725293,5.9758019772277935,2.4126053672251424,4.457360491210896,10.57159806365926,191.44151682182735,8.071261592171386,1.7633514031163982,2.9879009886138967,9618.987166085366,502.2664109127465,509252.6668679552,1299.8826680524003,2322.6987651370387,660.9442067393607,190.2097487619442,5.817141515957972,1.3921364311694293,15.661534850656079,1.0938214816331229
17,062923-1500-BLKB,319.80532489670264,16.298939908617857,1655.6067260840732,18.5936783536119,1018.7451482197527,460.9600555690296,3.5470860539075275,1.0888836901297343,4.083313837986504,1.1935840449499011,9.110554275319462,33.30764410101663,50.75578749427351,0.1570785219882666,1.335167436900266,0.523595073294222,285.88888863095747,20.490264356805945,0.0,3.111737089687541,14.060263082946877,6.821193595832311,5.590666802268443,3.0151015171438456,4.599500955325708,2.0192931023381155,9.409652829483148,18.175518832781744,0.45776689440728824,33.56107829796842,5.49882307629716,6.095594572949565,120.20683003998447,1.5848920579229522,6.181079025899513,2.8373964094813293,4.318830857840044,6.749136762794784,0.5831572783532082,0.6728737827152403,2.3542521344724676,2.153890250687576,1.7494718350596246,1.8032569540640173,3.8578096875673777,102.47998329623852,1.3008893132494648,0.6010856513546725,2.0036188378489084,18110.225071674537,1064.3960106363102,27751.07367557026,387.95146253188074,1077.7160304549802,399.28330266322354,43.54235289353428,3.1015040341567306,1.9829288087231554,8.287625533894214,0.6101319411455863
18,063023-1100-ASHB,2554.6818626713975,10938.919069115347,1310.2166225643493,4734.371692326196,242.28608972816934,803.5103981236467,6859.037478951165,212.07229710428194,1419.5757449783498,166.39518695874426,37.96645154257879,254.94728394876114,526.260984859875,83.91168510945394,727.0553058094779,94.0420488032235,361.5732484363724,292.80938326918454,NA,8.831133479672841,278.70535392109696,6852.56944310801,18.44542939619918,7.1290503969208565,18.055343396680296,17.671187154197742,8.708691664662016,47.30723102598028,11.060038414120758,1274.0732198700987,82.2536151371181,16.348544623526582,273.1082767019485,242.46289616911233,283.4387185770989,601.0132400920136,117.56804674344481,187.18724741400044,17.7421142049555,30.415052922780855,91.42466171517923,54.03146048833293,22.657678313687754,46.6557373105605,79.3402769425066,177.91952279287946,54.99287346644214,21.52681997233582,30.61782761005533,NA,879.4353650469088,7100.129572483161,3507.616687590209,1462.253854943469,223.04372143372623,372.3945055027664,NA,2.263429155641087,4.178638441183546,1.5669894154438293
19,063023-1300-CDXP,9113.40513567545,6878.058237597261,2878.3097349614923,4413.2681344448965,436.52752117126016,731.0034234333724,2002.928860353119,424.9638760262169,891.0672724389358,332.45414314445134,21.489366369618917,124.66885795794609,280.6930624847921,125.08816539995071,261.8017257211707,121.53821963145126,193.18873903672454,208.88559009809495,NA,5.780111271247459,70.02111722433355,1297.4715414659117,25.16340658988453,43.5446828622129,131.33314026653605,13.934550691409664,4.159238555800776,36.14788634861409,6.475776485613868,1357.7148703828157,20.826049771212215,10.854254753640266,218.58527662412146,198.29923704799208,989.3634943761558,95.19119132211712,189.07124773345265,43.30374091396367,12.536923601103604,32.68886746361828,116.76383973275288,108.4161584729957,268.05799981174476,29.087262029340312,137.534695209144,197.15054441685245,52.562213023886216,6.429270038570764,30.48718373128717,3473.009062636085,730.2381356843223,126446.5763991058,13897.22296133854,5428.30462848134,507.9775710965683,1698.824018227589,63.207758555760165,0.999956213621518,70.62848624631987,18.99916805880884
20,063023-1500-DSOB,984.4734823797642,4939.806942401197,272.95649677863446,857.1623952675319,126.04124535848636,116.67080015900184,3626.3092232873328,25.680731911973748,158.2271268255436,22.341179943173866,6.976256702068747,57.40121694132688,68.65316003493925,14.005363833698622,43.70730524705192,16.3307827343882,177.0567441680537,37.233417681628296,NA,5.034065570514708,19.136677208172703,2098.852356279369,11.888521432281994,13.6589392503658,9.964660321415373,11.097008085212575,3.8504909363253628,7.249602288004143,0.46205891235904356,485.0201675951347,13.381148653248497,16.522061359638016,114.70785308540351,76.38815754400744,64.5899866144356,148.73182578230976,26.795845840044493,3.9135159211426993,5.79569186782376,4.256211215433074,16.482598701043408,8.190739231806846,5.976807238693254,6.4211350767868485,12.361124061842863,32.47935014598732,3.6223074173898504,1.9212845111645689,5.409932702489707,5190.562736657839,393.5213602844202,64482.526566798944,1590.8309095127129,626.4469678271356,162.4152088272174,103.4930823395395,NA,1.0264208871572238,4.516251903491784,2.0528417743144476
21,071023-0930-DSOP,9822.834360011439,7665.410883217742,2878.284192534416,5192.42217432898,209.9009822013285,799.5154981793186,2130.607125483486,535.8773849354375,1215.3996229974757,400.7691402232172,25.55281640920575,241.07056581352418,383.13754549172194,165.6571642110859,379.31565322299906,174.94443282567673,1186.746159453594,334.9057459856171,NA,4.469692996616036,139.8388515034682,1991.434108487751,66.20608359848981,65.10928893079725,194.4038540948372,62.48040928024457,9.66979979206443,33.109295655161766,NA,1256.620089317839,42.56651554721253,17.878771986464145,219.68332214209101,151.0438961213823,554.6300802565103,208.8094100519104,123.20367156636144,51.31688880272816,13.8033937484703,47.82831973992257,178.48136138368034,82.41754833971379,122.73590874436012,56.69581199069054,201.77572390279832,130.08751752204094,68.18173154101095,11.879122512335162,38.238993541773105,4663.724910858976,885.4040974708194,97028.64171502372,17173.48934420594,6605.344387194193,685.0263846573654,2458.157832213732,257.3016844855652,54.95812509441876,180.86853498888493,57.798209528128524
22,071023-1130-XPSP,287.70114269210427,63.522593365942036,161.85221542668808,41.403480339935676,311.7036455642797,318.0719934721308,139.45213276597536,20.278333843454796,14.442842089942625,20.278333843454796,12.585021613398967,282.0842645917075,152.37802854535897,12.741357285615104,7.087217140464843,6.435818506230942,47.72690727796544,99.89205391756218,NA,3.2242960240438543,17.417777331039694,174.56847134682835,5.970603808929948,5.572993425480365,5.061576318421791,4.987141372562647,5.365979589526596,27.86376368815739,0.5062244895779807,1193.6553279438879,16.885129178545448,17.43665349844768,154.89348399715934,2410.814470622926,35.25481952329138,44796.76146409456,NA,6.764858852978644,401.7256999472924,58.977511628181084,14.008857383898302,6.082137369521681,3.884211590955151,6.979501899451113,12.768787528887046,100.67415571096957,2.678766614451828,2.5923864197961266,3.4398973647294766,NA,985.4533111667268,101324.04830041819,482.12649157316855,378.4509769581856,327.16669584505,40.095575883316364,NA,0.9108697925613569,3.9471024344325474,3.9977063117970673
23,071023-1330-CELP,1129.624959292783,1756.1868368909043,230.01261913785288,1000.7504876558812,70.35221079758607,76.53307969224656,268.57168856819175,102.98868857634346,550.9497710215187,91.60433482625923,15.07320784774918,47.34684745903822,101.63336006002618,10.133676897642186,51.304921981781426,11.865058880153915,65.9063607240321,136.20834540138424,NA,1.6582822526727585,16.51124722025169,607.866178883113,6.995157781945173,4.154206106720767,5.237047576467495,NA,5.095156427579962,30.649402813725,NA,412.7193832868166,6.425843729106938,18.945874736786262,246.58657097243915,142.73454700189373,54.91272394106333,3850.745644780246,24.16159853406786,28.95595719547727,13.044635901026176,18.58533409310084,23.286350860157278,8.574053873195986,10.426983211857044,11.10729706300389,28.227021498207144,228.66925371535635,15.793171224653765,4.433175582163834,4.481891797352447,NA,451.3926465453676,205850.9279224741,3399.5437144863367,5269.727728975605,279.76163115495103,347.9686697664359,171.4904853338176,17.455634752836676,22.845618288415142,3.164760975018548
24,071023-1500-PUFP,511.25594467493113,500.5454956444413,1949.0046073542142,8229.481590411053,4741.29523294211,784.9840403763175,119.63156239549416,17.45589691464938,43.59933511783953,12.627240244972064,17.226625299505315,44.19048890053747,89.91374608157562,11.77068532194938,14.902799012768524,5.7085297913316735,80.74245299131059,91.68580315272895,NA,1.1104373917256571,3.8965444458382374,23.06262022850856,5.575858026850121,2.320319195095767,4.365572943948395,1.2627690333735029,3.0425928362205386,1.7677686254197922,1.7666668081280545,67.11695547789418,0.2878911756325778,NA,39.770109548100386,6.613571876611008,27.48646346406541,111.97916765041035,7.683976573403543,1.9858564349817145,1.5580992760803594,2.5535515913539224,5.122845487281295,1.4498619303626308,3.8519676547542225,2.5614227436406476,8.482984947548626,20.79974676240749,1.644660346973713,2.0781354335197704,3.8179697499549277,11743.30372196566,346.3004546510312,9223.128354808077,8365.809217072978,6289.457413306634,1554.8099553864122,46.60667340143458,9.614990592795548,0.8339532657016546,8.633869103734776,0.9811214890607701
25,071023-1600-XPSB,292.40533176573325,1539.7279655327086,50.27567561313338,131.75974688962208,37.00896165357613,65.34494435559621,3941.4495223912654,7.326406449592793,10.240551311895807,269.2916118530998,20.987635001427684,136.1923514070769,128.4868356909625,4.900535801066856,4.233447157989692,2.5913828057997508,84.31654450438243,49.82957219849376,NA,4.344682241612181,9.345239278066018,10424.687015754875,NA,2.392082804429513,2.1255838357954078,1.2460319037421355,3.0407194369560737,2.513898991426212,1.096652911689076,3443.5399869058365,NA,1.2114979327572428,8.52226132008543,501.1983713726795,19.29926323485099,37460.44094902202,NA,2.345544968503673,42.995781397073195,16.266297665559392,7.60906784332563,2.7981733359326513,1.6705927332196133,3.829079301802576,5.803111599604973,10.719970755099446,2.4179631665020715,2.0618119317398484,3.9272608223616157,NA,661.0676916860037,9491.20433728101,404.45607471922335,677.1951219706743,384.917754623798,15.50798403791273,NA,0.9965914439698752,4.883298075452389,0.7972731551759001
26,071123-1130-BLKB,328.8371088682525,16.301495347425497,64.66286585022787,6.2907652540080905,18.710641942883367,40.843420298123085,6.58102332718455,0.7723137382021201,1.2228300854866907,1.1799237666976838,9.253323834894339,50.647732075840885,38.48234544978107,0.34867597059022143,0.8851005407290238,0.6973519411804429,210.9469013885287,42.271158451945126,NA,5.502546125843195,6.51279838043076,6.7792786602950805,2.3489813991948365,3.4567153418811833,4.712201181135198,3.2947097689237954,8.181155261783408,1.6143091427676022,0.7816390377500072,30.0854886302717,0.8297490189763549,0.7424070169788437,6.0265981378282625,5.601855404423275,8.19981733111233,21.62270855745991,4.911771767646495,3.1385004871163056,1.194892420953517,1.6085090282066579,2.822480270293408,1.9500772776572637,1.8382960322361805,1.847441631464776,3.1251032548015063,6.691137565388383,1.3787220241771352,1.4882168697910698,2.001395100753508,72650.18373036757,2168.2732287514136,1418.6646067746524,185.51601425194283,303.9386049563269,479.68037091162836,18.44474282149846,1.1980734989460724,2.1877863893797844,3.9067614096067573,1.4064341074584328
27,071223-0930-CELB,525.0717483903472,2460.67085000271,82.66392321997061,592.4633412409847,50.5536703214007,67.8512353293311,1509.7405245044522,28.715257310845406,167.56571185007726,25.21856546118526,7.7894743957027845,63.81993749333045,86.57384347408663,17.40709074141745,39.23881489808104,19.7121392870846,21634.67069475045,67.12462411131779,NA,6.643486013134367,46.47284248543628,985.5763263063644,104.7355925419306,8.10070438784959,3.6330560900666806,7.303956514404888,81.33064692843446,11.496406252071967,2.4193293706559613,308.29469946784894,11.518251724070625,16.479296474138494,76.8746238662691,51.607582154547394,61.63236501285109,357.29072040728755,28.22978852898319,3.6331693964567138,5.447771232859468,6.491927385824199,18.80720647243494,6.336659862680237,5.447771232859468,5.880420352567259,19.24879168943679,76.6833324648535,4.630605547930548,1.87565131935335,3.1936765707908386,14660.521185702799,325.6667369890693,94102.42163536845,1069.3364964036782,492.8606792428043,973.9933992948621,68.36004900442009,15.385406369707948,1.6980548836132516,7.769887497745484,1.286405214858524
28,071223-1100-PUFB,968.1952277847251,8775.069861032827,362.8585178829006,7065.521733069996,161.52619153315143,96.86039044380256,17409.994650967066,37.61377907060746,301.6292288878915,32.88894609068407,8.244248314015307,90.1816565363088,82.65331086763626,18.003794604749938,27.480827713384354,16.257349479039533,91.37416128130091,86.89026904541973,NA,11.081699928418166,20.433429937753942,12123.02357165606,13.89634619569082,7.113027676522381,9.538046290513511,1.724185290977442,28.591501937633627,11.144159267323493,1.7464268199252655,1536.849055385467,3.1781479039991725,5.854482981051108,55.61758831998551,69.3449794411275,152.02254181292022,906.1820374748842,40.58080635456116,8.875062008859922,2.552412233953017,4.7967747155323925,23.832924073379036,21.13022134340822,15.57851604860979,5.503685559213304,27.416427961253948,26.8789261755934,5.060817360424084,4.47174451686081,5.896805956299969,NA,570.6674749498592,40059.58604540446,3139.6654641673663,2401.3647863972683,794.6143362478042,72.31125252673333,NA,1.9453045308676056,2.2944617543566634,0.9975920671115927
29,071223-1330-JSGB,4113.673863363002,8321.91909827574,902.1319800647179,3093.985291036495,164.9630869423514,415.72614691891636,7309.987220351214,181.69529558575897,589.5902468727447,141.90969298773152,15.818752327981562,261.92215860150384,198.15187606214158,90.80600056647552,68.79855902791249,93.9292642802269,540.7273875390907,468.13106730194704,NA,29.429263795230742,104.05264245307177,5169.676318898554,14.571767791599088,11.141619363374645,39.90268067076908,32.05432732972754,65.62420557629183,43.43343791467171,0.3932957525976393,1694.7506067301942,119.3180071313835,39.317496430428264,314.775405553788,256.9195444722078,278.19090709801577,853.5576893231005,96.64026476910303,13.165816791731007,21.158728572869702,14.56830491902504,105.7943189489939,44.929386499258925,22.79394647194394,37.23827230788333,65.95378859599431,192.5039556286714,19.176646270961534,6.750474326243334,12.228318246719484,30733.682958980957,622.0646577479106,249837.82181435122,5685.60252649049,2680.9302226326367,673.8088785336821,561.664055285682,NA,1.123289903543964,2.1342508167335317,1.404112379429955
30,071223-1530-OSBB
31,071323-1030-BLKP,202.34531421539947,34.16520772636962,100.47075882714563,21.05039345602786,61.64545795628573,138.50054496802952,21.75819456695088,9.277595874280182,6.232278144554626,10.127451984901267,14.137278733575476,170.96279665119374,150.80667147782856,10.329953145618823,6.2865143429051695,5.430603939411038,921.5807839620016,85.00577240432372,NA,6.8719632015411545,31.744268926130847,34.01336656598864,24.715180205731613,16.02443001095876,7.714742647386381,11.803977821137632,23.91127192865225,39.08058250697172,1.7202353905505214,99.86118115014487,17.828659774627752,42.86567255786511,344.27093969119466,12.953956883673827,65.30581022045219,14.241156767651567,18.448221355025137,7.770632311406907,1.5171494162753885,4.0963034239435485,10.842291894974116,8.752891894380147,4.0963034239435485,4.856443244623822,16.739215226238453,267.9992525869895,4.248018365571088,1.5246972977307351,2.541162162884558,36663.89180924435,1758.085870330277,520506.72568630823,190.3536785589481,320.94177603150416,783.430672741006,30.733185187165077,9.457823632308438,2.235485585818358,4.184370455506157,0.9171222916177878
32,071423-0930-TRXP,217.5243354586699,695.7714689159895,122.49818227157738,1307.6760298543606,60.21541260571617,52.472493585584125,210.63671543307154,21.327379262163863,125.59925925876304,19.405803506859993,5.121595259607,31.03547633509029,296.94135538105644,37.32956544888814,71.96633339014787,37.64636515566795,153.76315963444807,49.11860155085684,NA,43.50092760571525,124.02448848538933,764.3446697090129,25.496317384989652,NA,NA,NA,28.722872345844273,6.651439032511043,6.975554712562181,762.9673549467503,10.445380838131229,8.854931903930177,103.37918072306832,420.89230027093737,48.825744345081205,7001.08271744457,35.76026283866423,9.4606975014843,46.50219273945337,314.3421569518107,12.375397811566572,5.2532300914405035,119.01485320768654,14.446382751461382,23.929630310477464,35.17912843712904,4.206910432654827,6.1119311640798175,8.637522554195444,1034.1090585407512,112.32728591210726,75377.91648423641,9884.860583731463,1902.463572965018,353.56141872720576,140.24708718371585,NA,BL,NA,0.4614482400393647
33,071423-1100-TRXB,580.8437041632202,6905.155233997575,49.81007350274301,2084.121129673041,16.016791430785574,38.90096880126882,15242.22617965121,25.490061953883615,191.75197655615358,24.15173075275079,4.170159513327871,33.22691640951843,67.51285804324462,20.567638587339314,30.761361842140776,19.615194747875538,851.4439212992298,128.48361161586527,NA,18.064643845455095,6.140364756326443,87795.18565771934,124.21034575898307,NA,1.838432561774384,1.2133654907710933,7.001675915806849,4.395791332406479,0.6001436499263013,4614.324218450285,0.41913326787598837,0.6706132286015812,11.819558154102868,337.6997177454144,115.63137543474737,3469.287519522519,32.18042995589666,1.553156265931142,8.51278675201182,16.540388766862346,11.18029001720324,10.835523364690363,8.248140531742022,7.190847323839967,11.909079912140891,24.068817811167378,3.7491547871554656,1.32981423112109,3.3984141461983417,1096.4309051692424,401.5973366859535,7498.382010755579,1444.8587539293414,408.3282456120034,642.7153997768926,23.947162013322057,NA,BL,NA,0.49993623196834747
34,071423-1300-CPLP,803.3574013571952,6529.580563185659,364.36264692225507,1855.2032447370923,109.22271987289582,200.84046187154198,882.5937298252877,73.80110936442314,236.74520729953957,62.03455505144027,17.112579789763416,137.99039166214456,1307.3062863983978,148.6092455426823,207.35242879760116,119.92148994970658,157.16010260082462,136.0810859799386,NA,42.582255763604124,71.23269240451802,2390.746916660606,24.85236781892129,1.9208989040620756,NA,2.8111898674692726,17.692821019183107,11.719563247198614,NA,4094.12198980705,NA,NA,174.72846529529906,1793.92440797534,122.32794417933327,19366.48947418476,81.58562022030647,17.138310275187273,144.6090371522397,1210.9435024139725,31.784619946182115,30.189006495068554,200.3378162919368,53.22966472914836,56.9290913057829,177.93855139271946,13.089118382554505,19.466484103585433,57.95268054444451,9349.560617842697,544.0720891071937,443371.39302717184,101286.1822199596,4003.2736040637533,1297.5088726776355,242.49801791318646,NA,NA,4.211030987239233,2.4618335002321667
35,071423-1430-CPLB,695.3860979798714,4412.245023804063,171.09840784107504,1633.8730994511918,86.80884694351361,199.56914478800118,5490.885323159031,31.457522755117452,118.97293805349341,30.577032296322816,12.409122186729027,194.08544148004765,393.45445340165935,116.71913583700231,114.61759095054013,77.82387650978177,14137.360593227453,140.1301542368994,NA,15.425204893958634,25.729534380227246,28582.362564125517,72.87626698591895,3.5216479907804716,13.150650905449483,5.479437877270616,21.127691033896312,45.7576572998193,1.5554128368512623,2030.4114544813735,12.709499806994087,9.776538313072372,166.52703593266608,332.2493605630178,164.78679727665858,2112.3162401888662,48.06281587235875,6.343004514660056,17.37594754714659,51.0418459197431,20.93444847860991,16.785853505714655,51.156161364132224,11.424592309973091,30.69369681847934,94.65248418190667,8.859446940156978,9.446031630592277,12.956381223042108,23202.640936274478,520.4167808851419,111148.53412708179,7508.357505692275,3047.514470967994,829.244233598693,86.27333329603749,NA,2.9801142371231495,5.3123775531325705,0.583065829002355
36,071723-0930-CarpetP,283.81343086038356,895.9019022557532,141.36601955907787,488.07281144223094,69.31583288978462,101.41212810570919,187.07068051422604,15.244712220540631,41.71404958716821,15.176957944004895,10.503784528136775,107.82922245751877,232.47318227105785,36.367942129677864,35.916166451048326,26.09004544085586,65.28317949611603,57.74417688407183,NA,38.020940392734765,18.068451089993353,461.4755648853372,6.50402413915244,5.303719274385868,NA,6.453018246426197,20.297423092440603,13.674723310837047,3.1817582144906895,477.34863734257175,4.459529888869737,4.183682679248929,22.06777676966468,230.38082974548195,62.56307452186711,2370.1868598929045,32.392630114463984,7.279231596832208,20.707297623399672,117.61551523945003,12.749830946378273,5.402470739990795,66.96004652052603,8.103706109986192,22.25550679150432,3.493404541054933,7.402375085000351,3.2414824439944767,2.4851365403957653,11436.10317669276,1428.3211696805881,15051.492041457437,13965.73356367876,1266.0193886036077,1040.2272255885623,104.31547915573582,NA,0.49353997336813527,3.509617588395629,0.8225666222802256
37,071723-1130-CarpetB,285.52141690551366,1491.5582334567225,67.05045639248313,457.4915129496138,39.56167138510135,96.3704045670061,2205.2663519645043,10.939420551277363,38.36146131897072,10.162532719420813,8.32153155014119,115.34105140790955,122.06387954474694,19.661915239923506,14.963006257351667,12.994189644542239,55.5013678509458,61.53585391728054,NA,5.428279526047389,16.198238712989138,8189.229539809619,3.4013068115897354,4.930848583386364,6.599282438625204,5.024453674862372,12.495291795514433,7.532470640705227,0.9180214380377949,603.672055391057,2.30808735753196,2.4363144329504025,9.01863763776377,99.16598382814256,37.862653280536804,415.1126665976548,13.388997015258028,4.271668761139545,3.868291962923951,8.231365455989339,8.237158239294882,6.378774977990548,5.982358500800995,5.1231106122443775,12.54945880995096,8.465591484839836,3.0136693199523807,1.9588364105640268,3.1140476270505038,25891.418649294457,887.3383970588079,12392.587730824433,1272.7285656896092,324.64320348598545,1112.4263102448106,23.476376978138,NA,0.8667021678490217,1.4784919333895072,0.25491240230853573
38,071723-1345-PVCP,1287.9466932883788,2834.220850464904,786.9515138104596,968.9822820377532,183.8148661304103,804.8262549082182,164.35324827880513,169.40777248559309,445.89246460815514,130.41178437332067,78.34571399180471,274.0021442616685,390.71721719267646,83.05116227960079,280.9152627814259,95.49445886288373,328.08637757552776,65.03611482761397,NA,2.255894835028083,124.75128324214582,54466.536543338814,41.46083138394025,4.981961849094127,15.122499165839287,9.558913052974955,45.81116682692977,36.370935263675044,5.840669828267099,2670.993332337651,7.406145307450688,4.1712772421274,78.14760220965209,587.8452263863206,274.21963010388936,234.887020026991,804.6967330375134,52.3366811709063,22.620211967807855,183.11173569187824,96.28281802382831,84.32874347437638,6.36053485035389,365.42455505563095,66.42727593714663,215.89990454442173,19.932662031038603,16.45560889861793,68.9735096388879,48644.0032090745,7952.730806612645,1611.2922432096382,1159.8010329854942,667.0742208812625,883.6664192097294,112.88831782802951,NA,4.569282072197702,NA,0.6092376096263604
39,071723-1500-CPVCP,1257.305257286127,2405.486099963541,701.9161337517942,1004.2710287762931,149.74050553623863,834.4655059901621,114.99973979608751,248.10424480613702,1102.7993052257928,180.2160424510116,45.47169511029211,162.50337655171793,300.8590304818307,90.81537306092687,163.52911974630385,86.36037590485095,341.528408666121,135.25210920106252,NA,9.046329393601319,159.3403581343821,21186.997036753844,25.249224966098662,4.633713855713322,12.909604411621958,3.181687206263769,63.9201266322608,6.9524759854899,5.720478258918282,2016.7532442394595,3.2933641571175305,12.13125278128103,364.7713465161823,1338.5819048020805,249.12410450360633,313.6055430394458,403.8918247380756,76.21073385995096,139.20186286714934,127.26902117163574,66.13350043744421,69.31770601406188,21.540534090063133,144.26900650983197,57.47067140118676,3058.337543122992,22.76891485283659,14.500382318135914,49.4286681047268,133922.26804148554,9084.22977248411,1380.4706049154943,1062.7015387148474,628.6935083635692,741.5471440414198,88.98384624820282,NA,3.132677529289316,NA,0.8950507226540899
40,071723-1615-PVCB,3263.863352482019,9829.946455639152,1193.4926078213987,3921.4177762793965,140.62797273634956,793.1887190812646,14039.827637668152,230.672244249224,866.4930982110294,186.23358749237727,109.39605961954497,203.17228206540278,387.297162687174,75.03901776863333,574.4558116839474,117.8461715328031,377.16778303325276,254.2747919790064,NA,13.841072765291925,119.00022179768608,66585.1792997958,31.232692125077396,NA,3.7944194621187473,3.4691835082228555,27.18175173045972,52.12707890529108,1.2779847106545257,7433.756561194852,2.1420707851047025,2.05968344721606,109.20441637139548,684.4795572193045,715.1118936354738,1568.209472141538,1883.7738183328559,37.838408182956435,41.61635306271329,252.4291915460203,200.2101463863009,195.46628895258291,31.298965532582283,610.8442546539485,286.02572657060654,269.8067166264996,70.70444983883894,28.17270435126381,129.53635196560475,48804.924192260616,48105.78338197339,1021.9580336590556,590.8588767585834,390.4458708476125,977.24734072161,59.71118607557524,NA,2.7024374026754305,5.797956609376377,0.7370283825478445
41,071823-1030-BLKP,250.22496152834086,26.995675322546912,60.77016439636889,14.811958610107437,27.12857453324406,70.33884908345426,10.098731727477423,4.819684417533462,3.5686173985141374,4.7171379405646645,10.256475294045432,92.51377267172293,73.65763029421954,5.512855470549419,2.641042388216699,2.615401199981585,269.0769698810554,111.34914989022938,NA,3.882715557804199,39.48180088280448,14.532317967779946,9.290158879028963,11.14434392832034,6.958758968212293,8.020885337044696,121.30352702797485,4.486294142562014,4.5831312059850875,153.9128498047609,2.5467274088823237,2.9642237054204097,8.349925930761719,14.164627349202181,60.306386029206,2.3983374846084957,25.923208408950845,5.766427266905018,1.2301922041924196,4.701091637449604,11.480044286109267,5.936262216321458,4.04206009948938,4.121041538603326,16.739401064189714,11.545355298423594,3.9981246636253642,1.9624007326682504,3.973861483653207,26547.98894842823,1436.4672479768044,783.2386965371877,163.76460370645665,315.40473043500356,786.7298822989845,22.904759895623386,NA,3.087498789442854,7.170964930318884,0.7469755135748839
42,071923-0930-CVCB,1735.0904433558778,3504.029576830276,632.0394022353805,1159.9682059349927,52.85807688453321,469.2329196083371,2090.884103636992,151.31858291900136,650.5791672529824,111.97661554385837,30.30584458132191,94.23191964191498,219.88373937669726,62.799544252739246,185.64355597809754,66.93215942291951,4642.465544549676,123.43332316072923,NA,6.4649526734480665,104.01440013979001,14844.352266639457,38.270266264644825,4.443977773878801,7.253229683338472,6.674514549029551,40.09250661370031,45.21726592761166,2.676332247773188,1817.8715310914672,11.610527250274078,16.00845423901426,250.72581762807766,785.0128370600987,200.96459443771522,987.148788663576,263.38789299475167,51.21248519104541,83.26097465065479,84.88083797070644,87.70107892203781,61.964404023290115,17.309396619980483,111.73231150821786,61.18455168880802,51.11299855338558,21.79873210698077,17.416183616220824,46.305342789714715,NA,9098.245148957081,46502.19988514207,730.0698185792146,385.763884738138,856.398596406735,47.25643011723066,NA,1.783566930499275,NA,1.2589884215288998
43,071923-1100-W14P,561.9167403665699,3896.8732195855214,151.19205018230156,1190.1130619855207,31.384573429961083,124.55273488917562,325.42605432825906,70.11310891600897,933.4600519975768,69.39421696693046,11.499034223278692,86.18665624218373,96.49099148375714,10.653128257428303,390.5706451699831,31.272086175031472,221.2530737799749,357.08978275621644,NA,15.494911168476122,270.42477211668336,33848.29734612436,72.37120454747868,9.459533384988834,13.366429674574965,12.158164845234857,39.134825086128316,42.06996579501417,41.49729484198383,765.0432491222285,15.79620110786316,NA,NA,162.5122752288805,138.2274522195426,283.2045542468731,84.33674942946332,34.654116051335926,6.024216105516655,24.776287291109856,24.125706921454622,11.127160424989553,7.700125849156627,18.15750269350568,28.762234789496812,62.300914092224794,6.7489338324961015,4.754332181586445,12.543344479079131,1065.6229560929257,2130.76583191122,40512.93967882944,1765.4706783838528,407.54356674314437,907.7542478996938,248.7429827929672,NA,NA,NA,1.1294623277459221
44,071923-1300-W12P,441.75755481089266,3154.6351486819394,162.22259680305447,967.0994572395795,33.95289303362108,108.32799248510472,259.3370340058319,74.33091257299422,684.8470876045121,69.76356584444497,16.679098469273686,81.45715319974587,727.1594293015543,27.56831880749377,379.2370175840111,46.69085208436805,686.495158599303,256.2802757839761,NA,6.746088087787967,185.84907956057248,17994.493501739038,53.753415296218336,15.658079071533239,11.229093192473863,18.74044607122327,35.758762409746986,505.21003726104635,50.00034743873714,657.6091614059,62.3580706576298,92.75871120708457,112.3915573087239,182.6122080347686,174.17096575272998,192.97830737326606,61.460283091604914,32.00087870877009,5.961575067005583,25.302562879809955,15.600584260742348,11.23038801831941,6.598689959662667,15.448135554611316,20.88826683782872,44.81799629395772,6.007083273623946,4.97999106694707,10.01079836927115,2939.21605177975,2429.5907719666016,18438.777148193378,1489.5349791883966,615.3492185091571,464.5022649536334,273.2843906846441,NA,NA,NA,2.2179836688559864
45,071923-1430-W14B,979.6173266207443,5673.655693605013,314.20623879172643,1177.145419635849,31.310852580135403,171.73788182309886,7072.702320123353,49.91762464966602,447.87144604793673,40.662884617148094,22.002044214403174,70.94960481379209,487.48901078624664,21.458464298517917,153.78134667972853,27.334304341658534,543.9337418916646,271.0383073762527,NA,16.268439347705073,117.64794046306044,5724.150727316739,16.800392339550317,9.12082930565785,3.9930790603427173,7.35761789822408,20.166233717636736,278.4011649546217,7.24173978887703,523.6847839563022,2.7816502511620076,9.862214526847117,28.23796467088704,64.36589505281208,64.9143567270296,218.7078100198255,70.71238014018613,14.907960087977786,4.30222018889627,15.96700276291399,22.732455626612754,16.195017407194708,6.785976174238447,32.09287853168859,19.958753453642487,94.39521411737637,6.25374274880798,4.605922381862714,7.676537303104524,3041.7826587651825,2918.580804945073,12488.499055371192,668.1563924115685,493.3637364748774,239.23892473099465,54.945481499991864,NA,NA,NA,1.206513841608099
46,071923-1600-W12B,627.9372183245166,3109.40513300996,224.9778633625198,664.0332086000186,19.620496852871764,126.08102024518449,3915.94178345501,36.10872075406024,278.2187020335189,28.725596845688145,15.459909698826435,46.09380563990404,184.06395319119815,14.753747428733222,85.44563468127892,18.057578049526473,219.39154529874742,135.06379835083231,NA,8.582370221168823,53.09871461610999,2758.2537278361174,11.58839536572151,4.391443471372975,2.5936956935956026,3.062001860494809,10.485679227815337,74.62615159207665,5.242839613907669,339.60619852286806,3.0797979262567545,9.157265834070085,NA,51.56748719048014,44.2770430354974,106.60204705468023,53.70499961288347,18.905749329235213,2.5496189731427834,13.43951696012552,13.607713150147108,14.379781981361129,4.364601970973239,24.416676787143395,14.69271950624655,17.545137639537643,5.012810184484118,4.246378571677113,13.269933036490976,7322.866429702144,2658.8300133172847,3972.141719584423,513.0616005388678,346.13964837264484,214.60013255300106,54.053069088198335,NA,NA,NA,0.6367468281272238
47,072023-1100-BLKB,192.9171679785746,8.838524356880377,105.21152523216963,5.438171523766783,258.01426807872963,161.19298455486916,3.6677512839246913,7.1087438897348685,5.214436778716694,7.475383975738386,9.091238762978865,121.1627539961598,82.34667067962093,4.991268340458985,3.616122981352937,2.954015956598175,195.6239801297848,13.254599244527572,NA,3.275641912951168,11.42153676103633,9.24381851163541,4.429971185090919,5.516568712793615,3.491934805921936,4.619538753667561,7.817146494766497,5.382343112484895,1.5337439325174773,46.493279430153194,4.478092741756027,3.3585695563170206,4.851267136902362,5.973937681245161,21.698883319619515,4.952879274244929,7.978097419469343,3.8179677907745853,1.4835785891593651,1.396309260385285,6.918831454842356,4.336450700570208,4.188927781155855,5.60327899511881,10.123242137793317,5.7331592798475555,2.8362531851576103,1.997690772172793,3.1670707363715014,4900.393525106766,535.7400202418061,2703.4945372514526,142.4789772818606,236.14122000925184,215.162530092495,21.439100969131548,0.04945745986764019,0.34620221907348137,1.9288409348379674,0.7913193578822431
48,072123-0930-TRXP,625.8538916873403,1053.1351583253527,190.72988615034257,2126.4548269256975,52.43886375527621,95.31615964656312,550.7199549731466,28.182031310333105,196.25103571512946,25.20145341326552,9.594054471940185,65.1260555808011,263.02117133115803,31.03468055271086,86.31868139391982,33.982419028147554,145.09223152548873,89.57267007199692,NA,22.18674773000522,42.93869340000485,561.817269251609,53.71394032320647,36.259407163314954,38.45018983460194,3.296865450694175,30.363771644495507,7.278875246962051,5.726974722983138,925.7911991514513,18.88137510900444,8.150233860001917,31.423679438007394,439.69226085087587,170.3718074015838,10639.651845276236,70.03426075005815,7.067428855077656,29.733392703295387,209.03909261114882,35.595800309016084,15.376960073700518,80.76618691039374,31.339202364739123,66.42363690447719,18.951279788028977,7.099800501267649,10.535079912085479,18.995068326335936,4045.201104875711,1018.8823016651845,1182.8869479751208,12843.046535289704,1105.7998307642288,430.8482961910207,86.21488281642301,NA,1.728263757795539,1.0261566061911014,1.6202472729333177
49,072123-1100-TRXB,452.0036804468846,2248.5718710884844,86.17009342244035,827.0136987320075,21.382388153693512,58.05458443038838,3507.0297708118505,11.200354977316174,83.47306808044085,10.727100541654925,7.410005896589514,53.580699161036655,95.59909493361813,24.737586225116324,20.567696975324505,13.721189626004154,76.63360145067405,44.21311618004304,NA,6.468392996251488,15.41351272211676,12147.728077886044,3.8872162080469574,5.833065453833631,6.398821208398344,5.795158830247554,16.312306962351887,5.5605980415157905,0.437914280868507,1067.5395955280117,2.2478812540164754,1.7891299776865819,5.73439095412366,118.3313814104768,68.39767055221796,1722.6689990267103,25.713089365952257,2.5757064744384546,4.779415547251322,11.731292706889606,10.727670868053446,8.571355115680895,15.931385157504403,6.576763044736282,21.33840072611196,8.057458899550532,6.565661761880602,2.6414867966563764,7.70882881473187,2641.224526840718,679.3165765526464,2006.8778454187361,1251.1547015022402,1720.540822054253,662.8663148639824,27.340258695608696,NA,1.2038224702486966,1.4774184862143094,0.7113496415105933
50,072123-1300-CPLP,298.57428826480725,362.67739500471623,116.58045915319657,312.53756320580607,46.75891589729479,80.12861373559014,182.64188952678882,9.400851220552573,29.488519158808774,10.9528785447004,9.14750529326583,77.03405056992453,163.39087483946614,27.497955305817282,29.96500976369806,19.680996237026477,150.5525302617207,34.696735138300994,NA,22.882905621313167,35.87211419378491,282.9712391789766,3.29231951025482,2.774397516782671,82.75134510486805,3.0091398219952024,7.916667054304513,8.41953386508704,2.315759750578871,402.3199236192023,2.572634359792605,1.3991520202380834,11.373751906451517,212.11429450318076,36.12152048402663,5050.88550719634,17.326582996403015,2.736818832431407,27.215739781488434,119.16979251615095,11.137753026935755,5.515839594291993,47.876903489948255,6.6296148969855695,17.051397175487523,9.726375091936072,7.457017706271701,0.9546645451659218,2.0684398478594974,7848.3619670461,753.5217723444309,13404.085703901546,5359.910755553028,2507.0408018208973,524.5085766264866,56.04810191899538,NA,0.16150536138852284,1.3997131320338645,1.4535482524967056
51,072123-1430-CPLB,287.46137027083336,1146.4236694535707,88.96701522944424,332.06677308205064,26.54432388717696,69.75654933056911,1989.2672906388889,6.845540436112469,28.826837485837252,7.912377906675451,7.669260902155784,77.078638865071,104.37196482582104,20.00676757084117,15.866478170764319,13.421206578772619,188.12809409251628,41.41901571297518,NA,4.1171842533197625,13.177182480372034,7816.860857637423,5.633900677729802,3.8097942998406276,8.33496482192207,4.604075806395048,8.2058643687921,5.795224749729811,1.0797189958936972,547.2458406247667,3.7099902062881376,2.80511454621786,29.996628131329697,95.88560643128518,43.35879834677852,1150.6004604698599,17.410807483575468,2.4894537978769375,6.618141110717117,15.42645841634781,13.716828078451766,9.463548054125637,10.427143188827687,3.4026240194609034,13.66479495522167,22.937972127614785,6.427691006811588,2.4456360139875244,4.040616023109823,NA,545.1697602034159,79370.30177307504,1631.7485446410406,1538.8562965223605,655.9577703766166,45.50174228214615,4.425223828617544,0.37776300976003424,3.3998670878403083,0.917424452274369
52,072423-0930-CPLB,369.4549135104258,1352.851014851609,136.42681247321943,412.26101432882007,42.22636688819708,114.53340811812605,2279.029671954043,11.88533837731094,43.594782416585815,11.63440033095697,10.75232998461251,125.13844245812233,114.60757024938677,24.385257657410335,18.538499973469843,14.174822287406945,233.14324932302216,85.27424576820059,NA,6.547791278967734,21.75417096069864,9983.11548442191,NA,8.250889800791658,7.373604763832309,12.465873247141918,11.359295862355655,25.389721337424696,2.3272703717996954,657.1070325151867,9.51983838431479,19.457620892819012,100.07439862535793,101.91341700958947,58.87755222409151,1061.7357833010064,21.45318435144683,4.7453274543637045,7.134949147089577,9.82277245592469,14.351805552354609,8.458288443402905,9.236338279451576,5.238681874623734,16.32241791183506,38.69933773331254,6.8906015735591115,1.5825184829592531,3.001328157336515,4078.2577654888514,970.8071395285065,43834.930484726705,1324.287901568838,299.230136438052,396.8448941708281,34.56550126233823,3.6004066092452343,0.8308630636719769,1.7725078691668843,0.7200813218490466
53,072423-1100-CDXB,736.4720278038063,3853.6895741331164,156.82420882732788,571.6651843788692,61.260280347384416,162.0433222092104,2873.1609658739476,26.933591537694618,94.58179561653763,23.746449872400763,11.953911307451321,191.6937535907366,114.83731489574541,16.555886552573423,15.377331916627524,13.553378313377905,299.46706488605423,89.92104264402663,NA,8.6352857780447,23.327245552617104,2260.069916051278,9.29153706428172,8.156303701482793,6.853881425253479,4.88990370690599,8.722816350436405,9.701457111214578,0.926799237233868,478.4049396007204,8.772353806267631,7.036158782110495,35.089415225070525,58.31027765124775,85.15084245502675,175.06046476342692,30.4929201410021,9.183685894698263,3.9907572823466433,2.88488478241926,16.536389979598507,14.925702643923328,12.885818694806028,9.288296969060198,19.857623585652572,11.667302884461387,6.539072173483656,2.254962269945251,2.7918580485036437,12005.452822178819,1651.6157384993019,14777.169938770805,1279.5139029867235,547.68726370389,694.9687440847997,86.33262918595906,4.904784144219634,0.9264592272414865,8.39263064677582,1.9074160560854134
54,072423-1300-DFUP,9254.164930356294,8078.356751023048,2807.6252451927976,4902.408908017119,210.49916051982254,704.0801943038302,2939.4345104755453,465.87920974921275,954.7495697147443,361.4881725718975,24.0047951914941,232.8455019711472,212.8288070166103,144.67375980481083,178.71794363947652,134.85871504193355,284.9794739029799,286.5296053672346,NA,3.7898045520299264,80.63211680231043,1373.590139960607,26.00649266996921,45.60012431638866,157.49899814539722,186.37915523157002,5.6662260411845775,20.68590091663439,NA,909.7911880237172,38.44596906999034,8.447154724404054,99.767746339583,145.5344695727797,378.3302017415451,94.76066436550842,206.26932695354606,36.608843738057594,4.997287916577784,24.650083665426962,103.39404209988453,51.93847055147287,55.64287891727957,32.032300536393905,140.83702772586045,64.10093102973926,28.542202138915425,9.1214256133785,21.945076916892976,NA,536.9310193626103,38356.11310971626,18101.953835656364,5960.340004774365,875.2461480813879,2696.2299258342327,NA,NA,NA,2.0151293287564496
55,072423-1430-MDFP,1522.0724134170266,3695.539659662238,648.3263087198219,1538.3281620877026,170.79504507397675,399.7409648058323,1957.3771808702709,112.3690083978554,411.23749473527,85.05895902192476,12.461592479522844,214.40967876278233,230.41640588660889,28.248139006272634,229.36594767803368,35.03775105229069,653.0092568703689,144.69623592836868,NA,5.686737472436943,63.17709423712426,311.73485981438887,41.33137125293654,33.6349122792442,75.3495602777578,62.97754561350732,6.134136639004217,91.59360687545595,21.279482853890734,279.6128925387554,37.85092461654029,45.81235707795201,652.0185716397302,30.44705729735694,64.99600981394114,51.31448618400131,27.782939783838213,21.50722319722745,4.691822288938416,9.623023266087973,15.39645485712065,7.056708476180299,18.144904566404684,8.660505857130367,21.974963577782987,308.9660171120326,12.974324901043985,2.3522361587267664,7.858607166655332,6986.505995829792,548.183568813854,598628.9727866056,11252.595299202949,3065.000517800662,941.9551381108503,1023.00094728047,NA,2.7132240001569228,55.6210920032169,7.37996928042683
56,072423-1600-BLKN,213.74861182361747,29.92724634774783,118.57738719380215,55.505238688139514,81.99529763272784,190.1583032006197,9.546348007207506,19.86393501388988,34.94412421021453,18.10989488078263,9.19895998676161,151.20385636429307,106.97335982998808,12.160854223985162,17.315689386845385,10.907745123621352,58820.501101051865,71.24083975171142,NA,9.691633312286294,19.24143218042592,113.46332496781406,315.53762959985744,4.646653262322933,17.126095027398126,7.891834763219089,3.5412166508356635,3.5478544833345125,NA,82.14650217926432,4.127059161691293,8.810575738442088,245.0267484311999,8.146520479518976,30.301607921173755,6.088780225366514,9.396515685371092,4.582288616184243,0.536791567582787,3.123150938663488,7.465283992990282,2.2341360854934416,4.294332540662296,2.833538449894121,9.418252049407082,282.11621198536983,4.3431317740789135,1.5802425970563367,4.795218915205436,26281.012691042142,1178.1036230450088,23852.230652578,1184.518875013736,1335.238031571176,821.9254884360802,65.02084155435999,NA,11.836599151293667,15.984939975345183,0.663734531848243
57,072523-1100-MDFB
58,072523-1300-CDXP
59,072523-1430-BLKP,444.8962483233475,27.7290531932917,93.29593138571758,15.116082853075167,45.52470119782955,58.911599112275105,16.947282208342028,2.3437179704384987,4.955289423212826,1.9642588704627422,11.664865601034867,75.74457059444059,178.6699325314106,3.4324843754241363,4.548739456862879,2.1208846547336124,3429.3214750048905,134.9792352499043,NA,3.9530944476009244,18.096698737959226,18.923423665861996,28.49122150158796,6.466172102936401,3.467869581943728,6.098667195832074,3.307269674984485,2.695207043765661,1.8433962122864347,38.633548587587015,25.89958431186812,29.125672884048186,210.24101159826986,4.730375560795209,14.022184698071511,3.2731216578103224,4.941553041187852,2.449109794645757,0.5259844863429459,1.6257702305145603,3.2570381963197415,2.990067852359107,2.1039379453717837,1.0678813758425383,4.064425576286401,84.05162077186387,1.4823199160573934,0.6407288255055229,1.1212754446346653,14857.888199455421,1015.8589562025144,168350.56675299926,332.87705141297454,286.45342673601976,344.51983855462964,21.14164449070482,NA,NA,11.218912546368275,0.5961740966669131
60,072623-0900-OSBP,13387.637764613903,9576.827078742035,4145.331172352115,7970.531466550784,178.14096607354867,1180.5462919133677,2598.415955015636,825.9213525378879,2104.565852778446,652.6920630863602,41.64351618335183,181.07904855393542,684.9951524633925,361.40209843288034,859.9386091862153,327.3064695577611,568.0479763050276,583.914174109741,NA,5.6033318266119325,205.29640055250763,2656.58107947535,71.12410469709077,56.14424561757472,183.0731684605058,165.9307124787572,6.517472471618024,19.227290782357002,NA,3058.277121955194,93.23190770329097,37.292763081316394,193.15014414085843,266.41725165286687,993.4514174497737,128.72062135767885,279.0662718151272,95.0688296848689,8.968922416134463,50.989067216587635,142.03661963497248,68.39005137079313,118.6276257692039,64.73815542380905,154.40421131864636,100.5924082581266,55.597408568524145,9.793720948730083,33.641708117671705,27368.31992965615,2973.6057815422096,17026.397106609915,16908.08153100677,8294.123386902775,133.3693628896459,2433.9370271287453,60.03984534442487,35.10280948574887,25.161693839384792,0.561644951771982
61,072623-1100-OSBB,643.043556050036,2833.918325191865,147.00413507725017,459.7566211675603,37.18557893021487,93.29938424887675,1732.2057373105602,17.81099651190763,97.10462773634833,16.492520146740436,10.72898923890523,97.61850153646785,93.00824323721355,12.521973963466209,26.836932651493402,14.633068881094463,116.56547690642292,83.90975579473411,NA,4.614508563092181,23.049374548953573,1416.0854551106952,6.730768932310056,9.397024160568648,10.615930571829871,6.15476130429047,4.663363923657724,9.633884644633614,1.4046276878487123,363.13099940248475,4.284900808585596,6.592155090131687,85.93345028207376,53.09087009280887,176.07961284696623,117.60032751790602,49.02042415824067,5.8690990517355095,1.9325302443604644,7.036392171773998,12.94763108476181,7.580450677830632,9.018474473682168,8.687085813280358,24.52826848611359,46.102409848914,7.0859442293217025,2.4899290547618858,3.5412324334391267,32454.857188031066,3014.621033701413,67171.57227388509,1008.7221660704447,730.3661294202549,423.025915284751,128.09412587202308,NA,1.6849348553159458,4.268501633467063,0.44931596141758556
62,072623-1430-JSGP
63,072623-1430-SYPP
64,072723-1100-DFUB,3008.2444713367668,7111.068085304846,721.9192927592013,1890.536338509423,118.79200365255554,150.44238437256067,4458.920938863878,107.87015484086345,371.6568195765195,84.90062545104642,9.777255477606007,71.5060470904744,71.47593928117314,198.3260654514392,51.374501087420775,52.80888886706956,122.20041631278444,190.05698379423936,NA,8.86539154511937,21.19915264638451,3539.3156355397577,14.574600010800564,13.846712945462043,56.82376419415493,121.13204184728977,12.113967833946184,3.7696229129130603,NA,823.3197738753909,26.54851123995425,15.77658387868017,68.15865542753063,129.98844486555745,123.96307727806062,362.8578780321366,64.6840932187164,5.459265659595568,8.226046059511125,12.238751454394603,57.465529988757595,23.075826857083943,12.03811618465043,22.34770610673906,39.72578340934643,27.48955241466324,12.840657263627124,4.760789521485766,10.02566263936414,5070.893280574197,1390.8355711781944,120220.39035951161,5129.670108938451,2025.7329294575657,599.8492977176437,1025.4751937965466,NA,NA,NA,1.6487144869975896
65,072723-1330-SYPB,1458.271660047228,4826.463729730526,439.8427952850613,924.7847103238697,167.32258742323003,187.37995512855127,2293.76754527647,33.38893874605411,224.0290083606211,27.043635520120965,11.504375457183116,45.462792044891096,82.28464282032274,16.510096075957446,82.7846661397299,20.637620094946808,499.69828860098283,127.37740717648617,NA,4.575685958771288,14.341833052682226,2769.2940618970706,10.219779766609554,6.140716175813601,9.951475995738685,26.174890644253857,9.782171208632597,4.5071578306569196,NA,620.4600565556991,6.100914611695051,14.870979366006685,103.71554839881586,95.56410210463787,71.37402340777543,224.21652805938345,31.45596314060866,16.59188582818261,8.075569607202997,5.0660405610403885,30.525062225996965,7.785291099841428,5.316834648220607,10.753783389709021,12.238751454394603,34.5549017393823,9.229222408231996,2.128352962546577,5.15285454090224,NA,484.3705969277294,160778.26012307734,1732.1197954765257,824.7429572935741,567.5219398801137,197.18709307634526,169.76073993706217,82.32201990250032,68.45007732224475,5.79892681633635
66,072823-0930-SYPB
67,072823-1130-SYPP,11035.932246708468,10079.109634351695,3241.629015680014,7020.032490963451,151.07149678162426,834.9703363751955,2888.951604085113,592.327634918205,1656.1432992074078,465.5528329620824,27.53900347507516,108.60251758104778,548.4730496830568,185.60108542728221,709.7114773807702,186.62564812703133,421.58348094852784,413.6731461145702,NA,3.134229334133111,184.17326118673242,2425.973121277728,31.36279388961611,58.871334222669326,131.13420017557615,208.74152188922454,10.555989896560018,7.6919677027326765,NA,1959.38802020688,42.160439752693776,38.06572078390697,142.70853887512536,257.7831618706047,595.0721768008272,308.51552615053936,239.92723742459128,78.67765215299492,21.226299560434754,74.10585285134238,204.64605937723567,85.00682466439021,81.12808729238847,61.42351970858104,209.76265455336903,31.73739803617119,102.99277180200923,18.712194108513568,51.85950938645188,NA,1078.8254204299428,5859.256350056807,21666.43407250275,8528.469844324547,132.81066880357233,3397.1412711256344,391.151912957542,168.71328078544823,508.12967018547965,127.65047012966184
68,072823-1330-DSOB,1160.823931260785,3447.3745231794906,294.91711680188945,564.8096498161449,174.53092212894953,501.83106261071134,1885.327027795394,30.47065269346962,140.65670485396245,28.58330990235008,7.109844189168221,330.5654989705988,92.02953709749475,11.70485266077039,28.128903211294364,11.70485266077039,279.3519781477444,62.77002333725931,NA,32.20167880391599,14.412788318248984,1664.1121216807405,11.658615780819293,8.087891180265489,34.28026267694298,10.421554630118496,53.503788789992775,3.6069679058011985,3.0159971133028627,454.4501352228077,7.127844130851106,3.285885592236326,8.543302539814448,64.75122075422772,59.06551849641817,133.3535659873764,31.8117390788187,6.755151952529867,3.8835084408815463,4.415495898536553,15.207370450093565,9.801625485411869,7.926613119059594,6.53441699027458,13.831673899030164,6.234131757105056,4.468694644302054,2.9701895410339,3.9206501941647476,11860.421814974374,924.7075032256652,2066.9511396309563,1532.122705195534,2207.8325715660326,583.4838435560109,164.3932460971792,54.38862732969059,2.231019081151388,40.64072596475771,3.3163797152250365
69,073123-0930-DSOP,11711.211706779563,8958.683204124478,3136.5928499573556,6000.633331809135,151.20245051163326,746.5099225243887,2484.3252961747285,549.2370704994265,1399.9737654995956,434.8146562007329,25.161058366153277,85.3774115451981,395.0343640220518,180.987730791635,529.5973062463595,182.38062801567406,961.3239303614137,362.839348942439,NA,2.0266790855611467,126.82447410223122,2060.520702409756,20.835162038739792,8.411019847036862,NA,NA,3.9728907428871345,3.277086394153444,NA,2694.9370513144213,17.950586186398727,15.827398572953717,98.1491728578898,321.0157746964694,660.0177622828764,339.19610728294606,242.47747352369896,38.200926148664905,19.95678403648531,56.51883112622939,146.06852128342715,72.07029912703257,106.63930401175357,47.17741060085845,169.25180965294027,54.939359479281194,68.19837394656429,10.26335495042714,37.31098098000585,22822.952969898426,224.17151593349465,14884.219956828767,23473.684405672397,7526.7264854462355,332.28299323852826,3013.1174760982667,429.4903587894163,80.46469064427819,672.7838118318797,145.27387638494864
70,073123-1100-CPLP,513.3907724598755,1196.3744888140486,177.17916309640015,542.0875392894987,106.98101280922154,88.71296747296704,453.49668188875876,22.780182337071594,67.72422574090899,18.91632206553916,7.349755565142536,45.96541828281283,339.9246317572471,39.74202505183928,52.39664451279034,30.3770139285125,172.64801082312619,53.0675570629646,NA,4.246375226890022,31.621455992779286,605.2998181400684,7.9287391376091705,0.9345577607818735,32.93372525084643,NA,3.8001563627616073,8.25493914476627,NA,1259.300735889081,6.5625798961027595,14.57278771046348,58.339405105795855,550.4857625890413,45.97473369622482,8915.062819708668,25.387023680061713,6.068799615107047,34.6831641142989,284.57459984850806,9.185986198724843,4.479585862341127,49.46032481307045,12.531499690853027,16.50370181134281,50.49131505754507,5.2304039586717215,5.103325665958245,13.49546120553403,50069.614108036425,224.17151593349465,105845.08770678552,19751.25986586401,1106.4926629781091,428.1060249862326,165.7554287103104,NA,NA,3.9714332292240324,0.8633550498313111
71,073123-1300-PVCP,1712.115605560272,2703.070683075645,893.7766552285601,1059.1444402252898,60.69705385916814,548.728867170182,202.04546150374657,174.79819412441822,482.53214532094626,131.98757050240854,94.39101401201201,55.841277383364115,347.9106659681868,86.32999177927503,292.53805315936285,88.46379178205835,824.1739816539662,94.79638447147798,NA,7.961953550418789,152.09624013662108,56977.97437658674,47.465770173579564,2.356710875015159,8.381590745074027,18.0754507482152,3.8001563627616073,39.61541147362708,7.13968771185514,3222.892783157753,4.487646546599682,8.541004717721975,235.09477392509297,732.5008546273635,299.57585010447383,564.476178535856,846.7424611876412,62.47612460909309,32.75350051789574,230.74714163305146,123.6705919717215,113.01031169171983,9.242073014351973,502.1105419117808,81.85836098426036,276.7404934820685,24.27313681791343,24.325852341067637,104.33465805959082,104140.28910709209,23313.83765708344,190355.6256163059,1171.090027624419,603.9273514553764,509.735873176182,143.33381585774865,NA,5.640586325564567,51.39840396662406,1.7267100996626221
72,073123-1430-PVCB,1469.0702424666547,2990.7466185185995,574.2020827161991,1008.9053890977483,108.69978051558955,499.74398753869315,3073.6190583641646,93.8941750646624,323.54496224629565,76.1156768827647,51.151927844500065,126.83163493022822,215.2266700894836,23.116166696819263,172.09689744670447,30.43628615081203,296.1448587168512,84.83902289675684,NA,1.2546108624902335,63.11591818639078,22238.25927291813,15.82192339119319,0.6501271379352164,1.396931790845671,3.6404889094765966,4.375937629846699,19.745482577430877,2.4182813217573864,2089.557154416428,1.6888992379676224,1.6406449740256899,51.535553889983454,359.4551374063861,222.5625644884562,629.7281991741502,525.99580688354,23.19148424344479,17.823997956250235,103.18622178661104,77.40043926703339,59.652206673200844,7.921776869444549,239.79960268152692,67.89369022081642,111.50165408541203,19.601319689779462,16.954381934683507,56.98713660320041,NA,98215.14541836233,3699.424805217526,550.3075403531234,532.4267500601395,700.315543631473,81.0955617031513,NA,3.2231921860368953,NA,1.0360260597975732
73,073123-1530-XPSB,326.4191200444535,584.9623991296171,119.72169317113224,51.55458183647218,111.00784000699804,281.951565317487,1553.096597991638,13.179793318846833,13.227202647331891,8.391451141855717,6.312491674900646,131.43427296783085,83.82287816825945,6.638488897548098,5.097411117760146,3.437788893373122,326.76421280842635,28.951172671009967,NA,0.7720682230709129,14.011649174845973,4217.035362785465,1.279975824905516,3.6569651508855916,3.386501311141021,6.307358692000151,4.375937629846699,3.1111579691330165,0.5182031403765827,878.0188370904798,4.342883754773885,2.605730252864331,18.240111770050323,132.5866466400396,39.33643068447724,7913.842503036799,29.244415970671795,9.157385133509743,14.269354489191787,7.515531901780726,8.0519138285119,4.082660532766596,2.3359085640669823,7.031248695320251,9.242073014351973,23.983374652333914,2.0312248383191154,1.8145157923407096,3.3455134921281835,39661.22049435682,700.5359872921707,12974.277745443811,354.8498251480625,545.504931440943,2128.2666049698114,48.34660271333626,NA,3.10807817939272,35.80045606633837,1.4964820863742725
74,080123-0930-PUFB,599.9954795124689,3870.5639917942954,211.05121381605326,2909.362663601778,851.6353027913648,47.34363835208795,5548.561469275385,7.303450950649951,132.47132124306168,5.895876767433779,4.748089178004079,33.29630993905862,153.47037627295325,3.054714715918709,15.50599752536997,1.8593915662113882,1224.334230414562,29.598688958383452,NA,0.8650023610331523,14.844556036671747,5686.369410922228,1.1950391575120944,4.051631451634458,4.126122604442306,3.035308582578248,10.450429997594417,2.1843401691925264,1.1611588886216018,518.8488086805833,3.0815709111806053,9.89346450431668,258.14914212083147,47.488535903295634,34.07114004490418,428.33565399504624,17.286832117178516,11.413116207378893,3.4135861866196238,6.37202754835663,6.352905407211397,6.162318244995054,4.3807689394951845,5.209382433913345,9.50114821942462,108.96261771754914,9.216682703872985,2.858807433245128,6.289376353139283,85947.30661245198,714.2223848216751,380919.87573253276,2689.9943786250765,1393.8754978216125,412.58878375609186,125.05645542102121,NA,14.509161254109532,26.052005096267784,3.933594828891918
75,080123-1115-PUFP,319.36850186878,29.73966268409377,108.77142470531633,33.22208857883623,28.857336799151806,53.423210737800574,46.78669179162323,0.8764141140779943,1.0092041313625388,2.6558003456908916,6.507870481739859,30.291104529174348,30.42770477507818,0.8964923622804906,0.7636786789796772,0.29883078742683017,894.0107722137583,1.0640051586346992,NA,1.0271903037268686,0.6639737524389917,204.89356250946642,1.7925587362681417,0.3641915911581536,2.1816280437281157,0.758827145644562,5.870303270253654,1.3942596824633147,0.45156179001951186,98.17001499033312,7.730958601733798,1.1353155988560126,17.678485753615053,57.03649550290006,29.59867475877369,2938.1094848381576,10.45250314061957,16.573301726672547,11.663086137617048,11.890658550058356,5.018795271697003,3.8117432443268378,5.518631001701725,11.879933111485311,12.687161993602937,38.65546512353104,4.153196527053876,7.36937027236522,7.05172500200465,8258.214724828267,1663.902698705441,96531.53718989163,494.03507108714433,650.4514072648544,1102.5029986234729,67.34071685198549,NA,9.350348363759478,69.51500369746701,6.964397401972576
76,080123-1300-XPSP
77,080123-1400-ASHP
78,080123-1515-BLKB,382.26298958027064,18.281926569641566,132.02442165824712,15.376170493322286,206.62293298229667,91.46867955879863,5.4600907438590855,1.5934802074145349,6.825406888425591,2.0449662661819867,5.677784961109775,65.39736772645873,192.74294697030442,1.5937641996097613,4.316444707276438,1.3281368330081345,635.3158633585473,54.651174057145916,NA,1.3515661891143007,11.334980488065643,8.762138995803596,14.659146998815027,4.734490685055996,2.276481436933686,2.7033217063587522,4.2575825916125405,1.7660622644535322,1.0321412343303127,29.568756181006602,2.3246938452765966,9.190650085977245,341.4596820178368,3.06539755566247,9.095687829096835,295.77787132814797,4.824232218747494,12.020196856707562,0.96718275287556,0.6827172373239249,2.7317493251008997,1.1435229732980512,0.8533965466549059,1.5882263518028492,7.680568919894155,182.09821897914273,1.7067930933098119,0.8258777029374814,1.842342568091305,85069.71345744349,1208.6840358520656,236673.20074656533,356.5100519315924,1809.0636810734236,454.1207490266306,42.288468413385715,NA,3.998079990021294,110.07617004784433,8.189615463430714
79,080223-1030-HRDP,2311.9354942929476,910.8267040520554,380.10228573339475,815.7090778858069,150.5224306939184,114.0442562170244,96.42621177094985,80.9802354017374,223.287307270356,62.38153457725959,9.037286235006922,70.52248031576758,168.1359134357629,14.72981172823192,62.52129694253898,23.156035904644064,456.3046700632463,75.23423023027773,NA,0.7331185929832548,16.35391597294962,158.06765453700115,10.417740458311712,15.741895727235168,34.637226526977564,50.439886905333374,4.623807592358666,2.7910202791552634,0.6248388638322523,130.7413315483851,6.126776812788629,20.108395693254987,451.5486876639003,42.44459019364387,36.70094152065078,1208.9542478460341,35.289366846779586,13.171744456106774,1.873645512297049,4.13304157124349,11.630090149955072,4.184371059243094,4.13304157124349,5.47660329812699,14.162555784127697,138.94006651485256,4.9045426645422765,4.7381848759076215,5.045859218499025,23318.151537576145,1345.5945506579747,202733.76560121725,4263.507091609484,2118.9111930710637,1418.0741167041167,663.1124242322907,NA,2.9356652725803682,41.59900152209629,1.3116802281742073
80,080223-1130-HRDB,1517.8357915925483,363.61310032998523,227.05046110563953,154.8384905896478,206.02574510982066,67.44065712273103,107.08717588032935,12.193339129740638,40.104252538535135,8.308963162249421,7.011133093350564,44.52310436445738,55.80273184460595,3.505566546675282,10.323732674153813,3.119632614931214,866.7378601764165,44.28482294169109,NA,1.0996778894748822,7.717578324313304,112.80315174253595,2.1221323155820153,1.6315130025425801,3.077843736482091,1.0106352567553136,4.748775365125117,1.260460771231409,0.31241943191612614,52.46550364558781,1.0473122756903641,3.403764895993683,71.63615965722089,10.757172514673503,19.713370445442397,254.35835847686815,9.150897885785604,4.292577434356226,1.873645512297049,2.590039384645921,10.030183568479769,2.2767901351763893,3.637076582694273,4.7381848759076215,13.887019679378131,22.89575743977148,4.29836323409323,1.0460927648107734,3.569022374060286,57423.92943557302,904.6652628717459,27445.410953861385,839.2150079664641,994.2181829557578,1123.5535743373055,146.02490666238046,5.184259949450438,1.5615240811597706,27.67020671815113,1.9362898606381154
81,080223-1330-LVPP,1780.03124045993,1839.284303260695,891.3600782514986,1239.6146539792944,137.14621185724874,759.5667214304899,165.11959081391697,159.02789556973974,581.0357614418815,130.83401437523395,82.87931184203855,125.63057234488049,404.18113835758146,43.77134009197302,298.4877350430578,52.64782052208658,383.96127661915557,82.72954581984465,NA,0.41892491027614553,178.46899874974514,6019.319419079169,71.41939847531474,4.7622541695837475,8.774151547284768,6.569129168909537,4.248904274059315,26.964857213129072,3.998968728526414,1423.2851967236634,3.1943024408556098,7.697745226324176,223.07751472204748,279.73516037026525,149.3835404865746,195.81821440090786,217.47984975367066,86.02795597894739,13.831912458428215,97.92553162799577,77.28779485896068,31.87506189246945,11.84805250423134,130.94620020690152,43.810240655181005,93.60516218254152,15.870879633575003,10.645532253662576,31.998131629506016,27990.343453313923,6545.519254895572,35332.50915307369,1359.95039433189,1216.2650367687113,640.9796404789156,143.54542556668687,NA,2.748282382841196,11.617739163828691,1.3116802281742073
82,080223-1430-LVPB,1060.8031652267339,1729.4609300752636,334.73262992564275,510.3535297855149,178.04759814069087,310.7972440456477,1140.6157143766363,40.82453417489112,193.91010624469396,34.67641592170966,28.012371212423588,82.79445038947759,142.16961557090477,8.040290244668078,98.92773117039606,18.556989884693923,788.5864498911017,101.93629201810982,NA,1.2044091170439186,41.29823162831941,1994.2881017593102,21.80008651461525,2.8220765449385175,1.561890851349121,3.950665094588952,3.311645978310937,10.443817818774534,0.49987109106580174,483.9752618900962,1.3091403446129548,8.849788729583576,367.7637056086712,78.46408187173616,79.82698155685314,143.6764221244408,84.79183040977938,19.93402397598302,3.4717549198445328,24.688034985561117,37.41320005911472,22.70636648324561,5.565829315941234,39.99766453688252,26.837216602607732,177.7519630295649,8.486512026286634,6.276556588864641,22.64483161472733,NA,20092.691510672474,431731.6173257382,504.7205265093941,2053.327621786581,968.8124979099495,59.34224755693297,NA,5.246720912696829,49.84384867061987,1.1867583016814256
83,080423-OSBSB
84,084023-1100-OSBSP
85,080423-1300-BLKP,348.3056555838366,20.37482286415401,153.8850972684576,36.10792549632177,43.773786100784385,117.43933366458218,8.079773896400347,4.083206051139079,3.557148829826682,4.28360880211523,7.203257408716608,81.04391183178161,78.69247877783883,3.8521767881397513,1.941747649306216,2.0043846702515777,242.2777915506333,29.621498120180302,NA,1.1728525462916763,11.00465043967507,23.259795651676082,10.971398798049902,6.398003367813327,4.652372543602468,8.141651951304318,5.537054612990347,5.260438277940192,0.12169350797780983,62.279842597271085,4.334455062382282,2.3457050925833527,7.088108866719262,9.527331969120326,38.29892652263295,10.043531560906894,9.337733322968678,4.695463956728956,2.14653454529793,4.024752272433617,13.24289486980975,5.393034109877273,4.776039363287894,7.550247753828182,15.777028907939782,7.3049142132017035,5.741979908671961,3.6552786744723735,9.947151802662527,38804.11396360955,1140.0687849084986,1642.9057750225063,167.08360601836435,5.626777792601105,2.119702863481706,33.19155383721675,2.980397141455514,4.501007927912408,7.542229500826197,0.4257710202079305
