"Exp num","Date","Time","Fuel Category","Fuel Material","Combustion Mode","PM2.5_ugcm2","PM2.5_ug","PM2.5_ugm3","OC_ugcm2","OC_ug","OC_ugm3","EC_ugcm2","EC_ug","EC_ugm3","Formaldehyde_ugm3","Acetaldehyde_ugm3","Acetone_ugm3","Acrolein_ugm3","Propionaldehyde_ugm3","Crotonaldehyde_ugm3","Butanone_ugm3","Methacrolein_ugm3","Butyraldehyde_ugm3","Benzaldehyde_ugm3","Isovaleraldehyde_ugm3","Valeraldehyde_ugm3","o-Tolualdehyde_ugm3","m/p-Tolualdehyde_ugm3","Hexaldehyde_ugm3","2,5-Dimethylbenzaldehyde_ugm3","Sodium_ugm3","Ammonium_ugm3","Potassium_ugm3","Magnesium_ugm3","Calcium_ugm3","Chloride_ugm3","Nitrite_ugm3","Nitrate_ugm3","Sulfate_ugm3","PM2.5 Sample Volume (m3)","OC/EC, UCB Sample Volume (m3)","UCI Sample Volume (m3)","Ion Sample Volume (m3)","Carbonyl Sample Volume (m3)"
3,"6/21/2023","12:00:00","Manufactured wood","Plywood","Pyrolysis",3257.75093935732,35027.6666666667,72895.5357027351,3136.593,33724.9642830813,0,609.647,6554.98603111326,0,29.6390583494782,15.5447567519547,0,1.06494158758516,1.68432252812114,0,0,0.271997074585598,0.248987179135153,0,0,0.203114759030778,3.72655360758998,0,7.32457730932832,0.198298637572874,0.490222592566263,13.7769276196979,15.3307553636906,0.880147351103344,22.6300002194796,107.18501654314,139.518396284268,42.4496069910763,162.327492205259,0.480518681,0,0.423213482,0.312648626,0.45633193
4,"6/21/2023","15:00:00","Structural wood","SYP","Pyrolysis",3043.25022326229,32721.3333333333,104092.237480024,0,0,0,0,0,0,17.0676506765358,7.10916166909353,0,0.416152067382318,1.05682790613124,0,0,0.317304759951441,0.245246904641301,0,0,0.191879888152671,2.40481120586975,0,3.83380913927228,0.18250277402935,7.24076956789616,37.2277619222587,13.4088296068533,1.21086803856715,38.8060647694822,138.506779610719,193.322216199922,95.8267265341316,29.9469795167394,0.314349409,0,0.406892267,0.206936439,0.508759938
5,"6/23/2023","9:00:00","Manufactured wood","OSB","Pyrolysis",349.792105752297,3761,35239.8138198463,0,0,0,0,0,0,0,0,0,0,0,0,0,0,0,0,0,0,0,0,0,0,7.08880426442051,29.6810076606674,10.8655526152292,5.22348270526521,68.1810077944711,102.124620974621,179.191279264961,155.444853515589,79.2716968955512,0.106725876,0,0.223819681,0.061283825,0
6,"6/23/2023","11:00:00","Manufactured wood","OSB","Flaming",12.5246841020932,134.666666666657,499.799049853764,22.83039,245.474655882614,0,2.273668,24.4467076511313,0,3.53073210577221,0.579806437865811,0.347283514803562,0,0.518254311127083,0,0,0.38894507055352,0,0.177602761641892,0.881912517826341,0.582361440795425,6.6396663407479,0,5.81375901629957,0,6.74651478731729,0.283599216575891,3.56642253726555,0.775521620482113,0,3.77844248513271,0,15.2074797352233,3.46439093866402,0.269441622,0,0.283195287,0.191478917,0.356809767
7,"6/23/2023","13:30:00","Blank","Blank","Pyrolysis",0.465025399830227,5,15.5714106981185,9.121473,98.0749976595912,426.020379580024,0.2481999,2.66867035747524,11.5922302910642,0,0,0,0,0,0,0,0,0,0,0,0,0,0,0,0,0,0,0,0,0,0,0,0,0,0.321101286,0.230211986,0.415854915,0.232140528,0.06610642
8,"6/26/2023","10:00:00","Manufactured wood","MDF","Pyrolysis",103.23563876231,1110,3283.38545816208,620.4266,6670.88937751042,36078.1812686171,0.8400384,9.0321776004782,48.8487399924488,96.7132579857005,44.2836115669072,0,8.60141253570084,10.246078157541,2.52857010208807,2.45478919883269,5.35865568554636,5.79900949188716,0,0,6.54962466254613,53.1621677857228,0,32.3235699659995,2.61447016694388,0.311494614153887,17.4894424380924,8.47735768015439,1.17202804464362,39.2770131050454,40.6620375433156,94.5547152916965,57.2676062341602,38.0246070724038,0.338065699,0.184900933,0.119300499,0.186555553,0.053568062
9,"6/26/2023","11:30:00","Manufactured wood","MDF","Flaming",63.7084797767412,685,2105.77197971208,48.48487,521.314212274222,2230.77610292363,15.2426,163.889972521553,701.308012714558,57.3464474603985,22.0142971212386,6.33040201235922,0,6.08836806290492,1.8455021404276,5.10517238486118,0.23787169352623,4.12722005847839,0.652273544326262,0.426731721484098,2.78553169057686,44.9781295155079,0,51.4919248125786,0.117844664788075,1.14755830777706,1.45882816619943,1.61952160871108,0.911906878926229,1.58829751602376,5.97207570348,1.88676205367279,10.6801204617146,11.3912945402264,0.325296379,0.233691858,0.388951859,0.229959204,0.066922843
10,"6/26/2023","13:30:00","Manufactured wood","Plywood","Flaming",23.4682818447637,252.333333333314,687.971515921635,21.34159,229.466928126845,864.005635735832,2.407906,25.8900481659613,97.483100102763,19.1389834859073,2.79067718017341,0.457905251357432,0,0.767089995678206,0.513168863116139,2.0909670731775,0,0.195312795484356,0,0,0.251929174023045,13.1538843443658,0,12.1993088156016,0,13.1735972340454,0.521835278967319,4.0808550253107,0.768329847387939,0,6.93056792587434,0,18.8055909966044,6.96958630720685,0.366778751,0.26558499,0.452348445,0.258904897,0.07931892
11,"6/26/2023","15:00:00","Structural wood","DFU","Flaming",22.2592158052051,239.333333333314,652.824558423347,20.63557,221.875729879848,827.781043610631,2.725246,29.3021198518935,109.321282522155,43.1342502663647,12.8334112510223,4.59703637885674,0,3.33862820205682,1.43170164821717,6.07121764456894,0,2.13626507879537,1.2411459290933,0.139810519474212,2.02813016628095,23.4443049384503,0,23.053075840108,0,2.44515755437892,0.0864914361186497,13.9223627709134,0.644912433121749,0,4.36150873450204,0.706545783677091,14.0991244746999,5.32064438417084,0.366612025,0.268036737,0.380894012,0.259265152,0.074888857
12,"6/26/2023","16:30:00","Structural wood","DFU","Pyrolysis",854.189656101485,9184.33333333334,0,470.2677,5056.3657401476,0,24.69892,265.565278896778,0,0,0,0,0,0,0,0,0,0,0,0,0,0,0,0,0,0,0,0,0,0,0,0,0,0,0,0,0,0,0
13,"6/28/2023","9:00:00","Manufactured wood","OSB","Pyrolysis",603.943987606176,6493.66666666666,27498.5560152665,346.0434,3720.69353766842,21295.556176672,20.38377,219.168350884078,1254.41987660322,163.608503601907,9.89514348887652,0,11.8720970398544,16.2764642537891,3.81974366072346,3.32892496809914,0,0,0,0,5.56077743866173,101.15108311708,0,66.589186773724,2.66995889357717,1.44365146568011,8.77134191257855,3.51384197708782,0.68870320831016,24.9497787308855,20.5480365697381,24.9404294089261,23.8186767300913,12.1482972564387,0.236145733,0.174716899,0.091937617,0.210597625,0.05422267
14,"6/28/2023","11:00:00","Structural wood","SYP","Pyrolysis",1142.0403785964,12279.3333333333,41771.7589886891,599.4772,6445.63931581865,30399.7026483252,45.43414,488.512455627017,2303.98144597055,209.250833770795,20.6999750724199,0,4.95817755345127,10.5879529140829,2.16702573502572,1.92189268881035,0,0,0,0,2.90401867567778,58.0657273289618,0,68.8303419725853,1.57555967439352,0.179792767194431,23.3927879449154,8.40760254996226,0.827053233633183,30.6004113569367,41.7062553879544,55.4656405390347,24.9996434507423,16.8476180720275,0.293962563,0.212029683,0.175153195,0.266583082,0.061927391
15,"6/28/2023","13:00:00","Structural wood","SYP","Flaming",44.9524553169229,483.333333333343,1562.5661346014,28.60406,307.553738037136,1363.60213681788,17.64024,189.669639620117,840.938977123534,36.7110522926425,15.5389774926271,13.2376192796554,0,4.58354603235651,1.91108113535507,4.41749578550714,0.765014828082511,0.101529529142015,0,0,2.59087641290584,27.6284138047042,0,27.1972957080163,0,2.22742105925201,0.677547821936668,4.29929759606576,0.653375232119544,0,2.294060439248,5.75444270919191,8.35236036785312,3.85068910713886,0.309320241,0.225545069,0.308668167,0.217627625,0.042756034
16,"6/28/2023","14:30:00","Roofing","Asphalt shingles","Pyrolysis",89.5638920073018,963,1554.50934225005,84.28075,906.195124296107,2041.58997606485,1.178934,12.6760172716416,28.5581207671032,11.795927289277,12.761082234893,17.0218670563436,1.41276039925541,1.67936063438993,1.10958521666123,2.27154488806872,0.655746623178506,2.2768610412155,0.327715049925885,1.13234527501933,0.784434090313821,0.425355725671704,0,3.07489717138844,0.626016281079756,0,0.185104962354141,0.912861713279895,0.297300912566971,0.734464745111906,0,0,1.42786812450634,2.21273200310781,0.619488075,0.443867346,0.656935729,0.437924791,0.118158748
17,"6/29/2023","15:00:00","Blank","Blank","Flaming",0.527028786473355,5.66666666665697,12.3819706762806,0,0,0,0,0,0,0,0,0,0,0,0,0,0,0,0,0,0,0,0,0,0,0,0,0,0,0,0,0,0,0,0.457654667,0.337281586,0.448796424,0.321701317,0.08622595
18,"6/30/2023","11:00:00","Roofing","Asphalt shingles","Flaming",128.254005273177,1379,11648.1783862348,60.76587,653.360762897947,6693.09580251459,44.87642,482.515793937101,4942.94212086294,45.6230482380549,23.7537686240936,4.78156498662435,0,3.24446240967134,1.81804808073353,7.6882210723044,1.09007003708373,1.92757170619076,6.24594953168831,0.224485862223354,0.0364813152107563,0,0,4.27901043290568,0,0,52.2381312006094,3.0775131873106,1.43998686754341,4.7010111693602,0.29312561406018,0,2.16274331817196,130.893959882621,0.11838761,0.097617124,0.166571973,0.11074851,0.053965982
19,"6/30/2023","13:00:00","Manufactured wood","Plywood","Pyrolysis",579.142632948565,6227,26327.4462663354,349.9765,3762.98262554874,21407.7573283975,0.473419,5.09024883557798,28.9586274125623,96.3037402773931,9.10201083655878,0,3.03451447630473,6.97285070103091,1.97405296319239,3.02561082263582,1.81666528975456,1.72147356061215,0,0,3.86283145803298,56.6605958112293,0,45.4149865688092,0.962127831735591,1.22711657802414,25.8082920555857,4.82940410691886,0.770496445462067,35.0918925072429,21.0279081059425,16.7759434178455,17.8434533073388,9.63851113991272,0.236521231,0.175776592,0.18933198,0.22254932,0.108769954
20,"6/30/2023","15:00:00","Complex","Complex #1","Flaming",21.2051582322584,228,1002.91300039833,22.6219,243.232950374956,1419.33445239943,6.302321,67.7631910246286,395.417773280779,0,0,0,0,0,0,0,0,0,0,0,0,0,0,0,0,2.50243613898823,0.588410097915965,5.41004389332518,0.659026309453915,0,12.335629158995,1.23019549613911,12.0849241486479,4.44271897464564,0.227337765,0.171371131,0.325947481,0.214835854,0.12680831
21,"7/10/2023","9:30:00","Complex","Complex #1","Pyrolysis",874.402760147439,9401.66666666669,45213.2845526798,504.7232,5426.8347512229,35121.0592939058,0.7961286,8.56005500227141,55.3984436740261,0,0,0,0,0,0,0,0,0,0,0,0,0,0,0,0,1.04761724421001,27.205156970742,11.4237146316769,0.726432745611336,25.3058202145446,41.6708556845929,72.5550139424068,27.5385065848256,19.3733180836154,0.20794036,0.154517969,0.329025857,0.321982787,0.085707046
22,"7/10/2023","11:30:00","Sheathing/Insulation","XPS","Pyrolysis",70.7768658541606,761,3378.16624568693,77.57741,834.120136537941,4955.41270856136,0.4889503,5.25724293961692,31.2326814013885,0,0,0,0,0,0,0,0,0,0,0,0,0,0,0,0,0,0.255858771827916,0.666352941377898,0.304195166759092,0,0,1.32256147222078,1.56678574815902,0.371044567170569,0.225270145,0.168325059,0.163535267,0.336421716,0.123880682
23,"7/10/2023","13:30:00","Sheathing/Insulation","Cellulose","Pyrolysis",30.4436628422198,327.333333333343,1877.98537401665,36.4025,391.403351443705,3035.74686542783,0.6392855,6.87366217236082,53.3125184462183,0,0,0,0,0,0,0,0,0,0,0,0,0,0,0,0,0,8.55026863411742,1.11768455003873,0.436917137186447,9.11745921673965,0,2.0813804408926,2.24464999777311,1.33190753999773,0.174300257,0.128931485,0.123995038,0.259824004,0.08434699
24,"7/10/2023","15:00:00","Sheathing/Insulation","PUF","Pyrolysis",305.304675835207,3282.66666666669,11701.187993172,228.3595,2455.34437563378,11707.6458764468,0.4099574,4.40790331183703,21.0178953081823,0,0,0,0,0,0,0,0,0,0,0,0,0,0,0,0,0,0.21902364431924,0.508545728879025,0.246149646173392,1.55591570160413,1.70180655063567,1.27058032910083,1.57450720463326,0.645011301576539,0.280541315,0.209721442,0.205891624,0.437232804,0.143116196
25,"7/10/2023","16:00:00","Sheathing/Insulation","XPS","Flaming",58.2211800587445,626,6274.5706825476,13.16786,141.582158789685,1835.55137570306,30.62506,329.283733868953,4269.02101131003,0,0,0,0,0,0,0,0,0,0,0,0,0,0,0,0,0.19552235316408,4.7613471107508,2.19913080450872,2.04860358081687,6.9339715463314,0,2.1072881863399,5.53718545266715,1.35998764178238,0.099767782,0.077133313,0.120588969,0.093926166,0.040839949
26,"7/11/2023","11:30:00","Blank","Blank","Flaming",22.5382310451059,242.333333333343,1081.66986753912,21.61467,232.40311182885,1341.81944532727,0,0,0,0,0,0,0,0,0,0,0,0,0,0,0,0,0,0,0,0,0,0,0,0,0,0,0,0,0.224036317,0.173199988,0.343069963,0.210417495,0.090776672
27,"7/12/2023","9:30:00","Sheathing/Insulation","Cellulose","Flaming",8.52546566355327,91.666666666657,740.662508824276,7.318357,78.6877125708811,844.914669200344,0.2670715,2.87157970400652,30.8337825109297,0,0,0,0,0,0,0,0,0,0,0,0,0,0,0,0,2.62268955010299,4.07198258764631,2.14763494432549,1.14380102142939,0.997547222053993,3.76728085015474,2.14840244698036,4.33489295461349,3.2202056695172,0.123763071,0.093130958,0.174065331,0.126449074,0.064644735
28,"7/12/2023","11:00:00","Sheathing/Insulation","PUF","Flaming",158.883678275329,1708.33333333334,16086.1101623969,29.85984,321.056011251227,3971.67292429485,51.54084,554.172309929916,6855.47406561499,0,0,0,0,0,0,0,0,0,0,0,0,0,0,0,0,0,197.514474020931,7.32027539473019,2.28345547294943,57.3895677092141,13.8721588718688,8.33500728837912,25.5548548275931,24.1230331537845,0.106199281,0.080836468,0.194344332,0.109555909,0.051352249
29,"7/12/2023","13:30:00","Structural Wood","Japanese sugi","Flaming",83.5495635028317,898.333333333343,2799.99794327427,60.78658,653.583438906693,2728.57457830063,2.891001,31.0843343294308,129.770614409327,0,0,0,0,0,0,0,0,0,0,0,0,0,0,0,0,0,7.03948085549755,11.6354758257566,0.460996342003516,0,3.99128879188527,2.55004091428705,9.12303707654542,4.68584193116735,0.320833569,0.239532921,0.457707219,0.329177189,0.152837614
30,"7/12/2023","15:30:00","Manufactured wood","OSB","Flaming",21.8871954853436,235.333333333343,1121.0244766406,25.27814,271.793110755118,1692.07396995541,8.93926,96.1158251061509,598.378249217056,0,0,0,0,0,0,0,0,0,0,0,0,0,0,0,0,0,0,0,0,0,0,0,0,0,0.209927025,0.160627204,0.304392416,0.215264552,0.092355235
31,"7/13/2023","10:30:00","Blank","Blank w/ al","Pyrolysis",0.279015239898136,3,382.010902845841,4.364058,46.9227917614096,8165.93895077923,0.1448471,1.55741062803108,271.035026527469,0,0,0,0,0,0,0,0,0,0,0,0,0,0,0,0,0,0,0,0,0,0,0,0,0,0.007853179,0.00574616,0.008790716,0.007520432,0
32,"7/14/2023","9:30:00","Carpet","Triexta","Pyrolysis",105.250748828241,1131.66666666666,5070.87668145001,132.997,1429.9971576666,8511.66765451771,0.3929323,4.22484771953804,25.1472525570144,0,0,0,0,0,0,0,0,0,0,0,0,0,0,0,0,0,0,0,0,0,0,0,0,0,0.223169826,0.168004346,0.273065801,0.220327914,0.091489988
33,"7/14/2023","11:00:00","Carpet","Triexta","Flaming",295.167122118908,3173.66666666669,16342.6348381006,32.26599,346.927178728084,2377.42429696463,156.5831,1683.59728368779,11537.3638445324,0,0,0,0,0,0,0,0,0,0,0,0,0,0,0,0,0,0,0,0,0,0,0,0,0,0.194195532,0.145925647,0.2789274,0.190615249,0.087583313
34,"7/14/2023","13:00:00","Carpet","Polyester","Pyrolysis",227.676435756879,2448,17322.9137893918,315.2896,3390.02557833515,21741.8124629231,0.7328975,7.88018783777798,50.5393136961866,0,0,0,0,0,0,0,0,0,0,0,0,0,0,0,0,0,0,0,0,0,0,0,0,0,0.141315718,0.15592194,0.160013952,0.139998295,0.088837848
35,"7/14/2023","14:30:00","Carpet","Polyester","Flaming",78.093265478158,839.666666666686,6817.09309207735,21.12414,227.128883795509,2448.24782339275,49.48972,532.118460820289,5735.76482973113,0,0,0,0,0,0,0,0,0,0,0,0,0,0,0,0,0,0,0,0,0,0,0,0,0,0.123170779,0.092772015,0.17189002,0.119999035,0.052526212
36,"7/17/2023","9:30:00","Carpet","Nylon","Pyrolysis",114.148234811661,1227.33333333334,4379.73019187209,92.93272,999.221978347076,4711.03918663923,0.7154055,7.69211208958889,36.266057259889,0,0,0,0,0,0,0,0,0,0,0,0,0,0,0,0,0,0,0,0,0,0,0,0,0,0.280230352,0.212102243,0.530894827,0.272730267,0.149277942
37,"7/17/2023","11:30:00","Carpet","Nylon","Flaming",37.0160218264861,398,2298.63876749115,12.43004,133.649043735439,1019.76418408613,24.58811,264.373838600824,2017.21586836165,0,0,0,0,0,0,0,0,0,0,0,0,0,0,0,0,0,0,0,0,0,0,0,0,0,0.173145953,0.131058774,0.244134015,0.168450112,0.075138033
38,"7/17/2023","13:45:00","Siding/Electrical","PVC","Pyrolysis",46.5335416763457,500.333333333343,1505.27301398902,44.39951,477.388009517431,1892.3468432788,0.5668581,6.09491546275698,24.1599994261652,0,0,0,0,0,0,0,0,0,0,0,0,0,0,0,0,0,0,0,0,0,0,0,0,0,0.332387101,0.252272997,0.451810073,0.326110079,0.170831165
39,"7/17/2023","15:00:00","Siding/Electrical","CPVC","Pyrolysis",23.0962615249022,248.333333333343,1007.96190461428,19.19343,206.369695150063,1111.65944292589,0.3849728,4.13926637276745,22.2971427404909,0,0,0,0,0,0,0,0,0,0,0,0,0,0,0,0,0,0,0,0,0,0,0,0,0,0.246371745,0.185641112,0.334825028,0.240472849,0.108272512
40,"7/17/2023","16:15:00","Siding/Electrical","PVC","Flaming",177.05067056203,1903.66666666669,13565.7044681852,98.20319,1055.8906033504,9834.62183503122,52.10947,560.286277040182,5218.53650043246,0,0,0,0,0,0,0,0,0,0,0,0,0,0,0,0,0,0,0,0,0,0,0,0,0,0.140329363,0.107364637,0.194581417,0.137443091,0.060882958
41,"7/18/2023","10:30:00","Blank","Blank w/ al","Pyrolysis",13.1137162752124,141,444.456579615107,27.26225,293.126461586324,1225.61408221917,0.3690859,3.96844882166379,16.5927932063031,0,0,0,0,0,0,0,0,0,0,0,0,0,0,0,0,0,0,0,0,0,0,0,0,0,0.317241338,0.239167015,0.437641689,0.310421221,0.139068098
42,"7/19/2023","9:30:00","Siding/Electrical","CPVC","Flaming",46.7195518362777,502.333333333343,2550.95398552643,20.2645,217.885947814874,1473.94477192081,0.1898189,2.04095195734792,13.806537307447,0,0,0,0,0,0,0,0,0,0,0,0,0,0,0,0,0,0,0,0,0,0,0,0,0,0.196919794,0.147825042,0.276225457,0.192353476,0.088277087
43,"7/19/2023","11:00:00","Siding/Electrical","Wire 14awg","Pyrolysis",186.661195491853,2007,9135.09706614137,136.9664,1472.67654680802,8923.14186415857,0.895456,9.62803322492616,58.3375259998947,0,0,0,0,0,0,0,0,0,0,0,0,0,0,0,0,0,0,0,0,0,0,0,0,0,0.219702099,0.165040136,0.458278296,0.213848556,0.138188705
44,"7/19/2023","13:00:00","Siding/Electrical","Wire 12awg","Pyrolysis",268.846684488515,2890.66666666666,13358.6195734905,102.9805,1107.25672229513,6709.05740575877,0.06417013,0.689963709761095,4.18060784230998,0,0,0,0,0,0,0,0,0,0,0,0,0,0,0,0,0,0,0,0,0,0,0,0,0,0.216389624,0.165039089,0.480725762,0.210267331,0.096464773
45,"7/19/2023","14:30:00","Siding/Electrical","Wire 14awg","Flaming",81.0384263437485,871.333333333343,5177.58720031363,55.80627,600.03464348801,4718.34571680536,1.505493,16.1872125753736,127.287425736041,0,0,0,0,0,0,0,0,0,0,0,0,0,0,0,0,0,0,0,0,0,0,0,0,0,0.168289456,0.127170555,0.488148272,0.164120348,0.097145236
46,"7/19/2023","16:00:00","Siding/Electrical","Wire 12awg","Flaming",45.1384654768523,485.333333333314,2895.81087662815,28.69426,308.523577534429,2462.29375114674,12.28089,132.045367892631,1053.8399911871,0,0,0,0,0,0,0,0,0,0,0,0,0,0,0,0,0,0,0,0,0,0,0,0,0,0.167598422,0.125299257,0.225983195,0.163195209,0.104824376
47,"7/20/2023","11:00:00","Blank","Blank","Flaming",8.12244365036617,87.3333333333139,293.503937179374,68.17461,733.020282600578,3321.3382689044,-53.89631,-579.498560935344,-2625.72645381814,0,0,0,0,0,0,0,0,0,0,0,0,0,0,0,0,0,0,0,0,0,0,0,0,0,0.297554214,0.220700279,0.402879849,0.289953901,0.13995076
48,"7/21/2023","9:30:00","Carpet","Triexta","Pyrolysis",192.14849520985,2066,9196.41355539963,191.025,2053.92006619144,9897.61414167276,-0.000166575,-0.00179103120023996,-0.00863078170736364,0,0,0,0,0,0,0,0,0,0,0,0,0,0,0,0,0,0,0,0,0,0,0,0,0,0.224652794,0.207516684,0.323588923,0.221096108,0.128085049
49,"7/21/2023","11:00:00","Carpet","Triexta","Flaming",49.1686856087151,528.666666666657,4690.47997323709,14.76321,158.735522891758,1858.15168219805,31.45645,338.22292300038,3959.22400910635,0,0,0,0,0,0,0,0,0,0,0,0,0,0,0,0,0,0,0,0,0,0,0,0,0,0.112710569,0.085426569,0.139015106,0.110456518,0.057909912
50,"7/21/2023","13:00:00","Carpet","Polyester","Pyrolysis",45.8825061165806,493.333333333314,2207.31668987308,0,0,0,0,0,0,0,0,0,0,0,0,0,0,0,0,0,0,0,0,0,0,0,0,0,0,0,0,0,0,0,0.223499118,0.169052493,0.272754144,0.218231482,0.099992518
51,"7/21/2023","14:30:00","Carpet","Polyester","Flaming",29.6376188158483,318.666666666686,2315.98419639262,10.81822,116.318592532252,1105.6736156311,16.13022,173.433752284164,1648.58531887177,0,0,0,0,0,0,0,0,0,0,0,0,0,0,0,0,0,0,0,0,0,0,0,0,0,0.137594491,0.105201563,0.166398373,0.134122598,0.079894762
52,"7/24/2023","9:30:00","Carpet","Polyester","Flaming",32.396769521504,348.333333333314,2649.98118817646,11.23719,120.823400228272,1229.6617810641,20.24604,217.687464033056,2215.48105940142,0,0,0,0,0,0,0,0,0,0,0,0,0,0,0,0,0,0,0,0,0,0,0,0,0,0.131447474,0.098257425,0.166831473,0.128799307,0.057544326
53,"7/24/2023","11:00:00","Manufactured wood","Plywood","Flaming",22.3522208851738,240.333333333343,985.486507837527,14.81546,159.297320161532,837.16343446528,4.538669,48.8002268441357,256.462352700564,0,0,0,0,0,0,0,0,0,0,0,0,0,0,0,0,0,0,0,0,0,0,0,0,0,0.243872779,0.190282224,0.295187599,0.237971415,0.115272833
54,"7/24/2023","13:00:00","Structural wood","DFU","Pyrolysis",409.005339997348,4397.66666666669,11013.5918341963,334.4221,3595.74014798,19156.0658804682,-63.16187,-679.122796551105,-3617.98141586207,0,0,0,0,0,0,0,0,0,0,0,0,0,0,0,0,0,0,0,0,0,0,0,0,0,0.399294502,0.187707652,0.310838971,0.398687202,0.142478241
55,"7/24/2023","14:30:00","Manufactured wood","MDF","Pyrolysis",332.338152412003,3573.33333333334,16509.8447033492,291.5617,3134.90080441245,19494.9399851977,22.48315,241.74109638106,1503.3101395972,0,0,0,0,0,0,0,0,0,0,0,0,0,0,0,0,0,0,0,0,0,0,0,0,0,0.21643652,0.160805871,0.261185181,0.256937717,0.108638683
56,"7/24/2023","16:00:00","Blank","Blank",NA,0.279015239898136,3,10.5952188771087,10.15233,109.158876092644,516.354425167006,-0.000167749,-0.00180365416664597,-0.0085318285031456,0,0,0,0,0,0,0,0,0,0,0,0,0,0,0,0,0,0,0,0,0,0,0,0,0,0.283146581,0.211403003,0.344944506,0.277251141,0.143165216
57,"7/25/2023","11:00:00","Manufactured wood","MDF","Flaming",97.9653508975688,1053.33333333334,4395.48790814356,18.94591,203.70833514596,1139.87898374809,9.75799,104.91889264073,587.088597202458,0,0,0,0,0,0,0,0,0,0,0,0,0,0,0,0,0,0,0,0,0,0,0,0,0,0.239639684,0.178710493,0.285541251,0.221928239,0.117143058
58,"7/25/2023","13:00:00","Manufactured wood","Plywood","Pyrolysis",661.514132105159,7112.66666666666,28635.1625608838,524.1866,5636.1071910413,31676.5513277211,0.9818071,10.5564889612314,59.3305189355679,0,0,0,0,0,0,0,0,0,0,0,0,0,0,0,0,0,0,0,0,0,0,0,0,0,0.248389254,0.177926793,0.279122335,0.231403741,0.096255261
59,"7/25/2023","14:30:00","Blank","Blank","Pyrolysis",4.80526246491415,51.6666666666861,226.946144782393,5.967398,64.1620651493294,379.09054632096,0,0,0,0,0,0,0,0,0,0,0,0,0,0,0,0,0,0,0,0,0,0,0,0,0,0,0,0,0.227660473,0.169252612,0.264659881,0.212128792,0.114507411
60,"7/26/2023","9:30:00","Manufactured wood","OSB","Pyrolysis",312.497068685913,3360,0,294.2747,3164.07125403725,0,0.9536725,10.2539829044625,0,0,0,0,0,0,0,0,0,0,0,0,0,0,0,0,0,0,0,0,0,0,0,0,0,0,0,0,0,0,0
61,"7/26/2023","11:00:00","Manufactured wood","OSB","Flaming",19.8720854194135,213.666666666686,957.407317325905,13.46013,144.724675307134,866.120920633183,11.39474,122.517393718279,733.218973306777,0,0,0,0,0,0,0,0,0,0,0,0,0,0,0,0,0,0,0,0,0,0,0,0,0,0.223172168,0.167095231,0.262571751,0.207474525,0.120953637
62,"7/26/2023","13:30:00","Structural wood","Japanese sugi","Pyrolysis",401.22391497352,4314,0,278.1131,2990.30010082819,0,22.31508,239.933990790039,0,0,0,0,0,0,0,0,0,0,0,0,0,0,0,0,0,0,0,0,0,0,0,0,0,0,0,0,0,0,0
63,"7/27/2023","9:30:00","Structural wood","SYP","Pyrolysis",545.07177198767,5860.66666666666,0,459.028,4935.51535214617,0,20.34897,218.794177774258,0,0,0,0,0,0,0,0,0,0,0,0,0,0,0,0,0,0,0,0,0,0,0,0,0,0,0,0,0,0,0
64,"7/27/2023","11:00:00","Structural wood","DFU","Flaming",115.667317784438,1243.66666666666,3813.17375719323,111.5531,1199.43018210109,4950.76170406661,6.769653,72.7879918222906,300.439331782081,0,0,0,0,0,0,0,0,0,0,0,0,0,0,0,0,0,0,0,0,0,0,0,0,0,0.326150012,0.242271847,0.385243747,0.303649001,0.138587699
65,"7/27/2023","13:30:00","Structural wood","SYP","Flaming",24.7083495776452,265.666666666657,1262.61949370684,20.59143,221.401132148024,1402.64700530551,10.17957,109.451763319986,693.411937674936,0,0,0,0,0,0,0,0,0,0,0,0,0,0,0,0,0,0,0,0,0,0,0,0,0,0.210409128,0.157845225,0.245363587,0.196059403,0.093728481
66,"7/28/2023","9:30:00","Structural wood","SYP","Flaming",0.279015239898136,3,12.4443624480794,24.48917,263.310025742041,1454.47917422027,15.46515,166.282852567258,918.517801999518,0,0,0,0,0,0,0,0,0,0,0,0,0,0,0,0,0,0,0,0,0,0,0,0,0,0.241073017,0.181033892,0.280676372,0.223786725,0.134730301
67,"7/28/2023","11:30:00","Structural wood","SYP","Pyrolysis",479.0691669051,5151,24478.6980628772,412.6887,4437.27052490751,28418.6519468658,14.33916,154.176094523385,987.42610895433,0,0,0,0,0,0,0,0,0,0,0,0,0,0,0,0,0,0,0,0,0,0,0,0,0,0.210427858,0.156139374,0.242458109,0.195787235,0.107252077
68,"7/28/2023","13:30:00","Complex","Complex #1","Flaming",15.2838348077517,164.333333333314,799.363404495974,14.8105,159.243989741281,1020.32824786139,6.798318,73.0962007933539,468.351230096522,0,0,0,0,0,0,0,0,0,0,0,0,0,0,0,0,0,0,0,0,0,0,0,0,0,0.205580256,0.156071333,0.239243808,0.190717461,0.095176038
69,"7/31/2023","9:30:00","Complex","Complex #1","Pyrolysis",527.617818647376,5673,26375.2555971717,383.352,4121.83936769857,26122.5854446606,27.1057,291.443220197174,1847.05170257971,0,0,0,0,0,0,0,0,0,0,0,0,0,0,0,0,0,0,0,0,0,0,0,0,0,0.215087963,0.157788339,0.242989612,0.198735248,0.094398488
70,"7/31/2023","11:00:00","Carpet","Polyester","Pyrolysis",90.8969648201466,977.333333333314,4164.19092946635,112.6738,1211.48006153143,6880.59203355309,-0.000167099,-0.00179666530108898,-0.0102041472659544,0,0,0,0,0,0,0,0,0,0,0,0,0,0,0,0,0,0,0,0,0,0,0,0,0,0.234699453,0.176072067,0.272366227,0.218586442,0.12742362
71,"7/31/2023","13:00:00","Siding/Electrical","PVC","Pyrolysis",50.5017584215627,543,1972.47963717185,53.83891,578.881390346158,2840.17059953478,0.3107637,3.34136264506685,16.3937554482928,0,0,0,0,0,0,0,0,0,0,0,0,0,0,0,0,0,0,0,0,0,0,0,0,0,0.275288013,0.203819232,0.324924744,0.25656434,0.1449494
73,"7/31/2023","15:30:00","Sheating/Insulation","XPS","Flaming",0,0,0,11.65803,125.348314352895,1184.63564977808,17.92611,192.743342692082,1821.56925036592,0,0,0,0,0,0,0,0,0,0,0,0,0,0,0,0,0,0,0,0,0,0,0,0,0,0.137309096,0.105811702,0.160179015,0.128485879,0.075334407
74,"8/1/2023","9:30:00","Sheathing/Insulation","PUF type 1","Flaming",64.8865441229768,697.666666666657,0,16.82996,180.957427337779,0,22.32703,240.062478395279,0,0,0,0,0,0,0,0,0,0,0,0,0,0,0,0,0,0,0,0,0,0,0,0,0,0,0,0,0,0,0
76,"8/1/2023","","Sheathing/Insulation","XPS","Pyrolysis",136.252442150257,1465,8099.99146985199,213.6469,2297.15301656639,16974.5133580181,0.000681637,0.00732902977180229,0.0541569119974097,0,0,0,0,0,0,0,0,0,0,0,0,0,0,0,0,0,0,0,0,0,0,0,0,0,0.180864388,0.135329536,0.209421589,0.167982501,0.108932147
77,"8/1/2023","14:00:00","Roofing","Asphalt shingles","Pyrolysis",21.1431548456152,227.333333333343,993.16849776943,28.68981,308.475730685616,1801.05949798798,0.09969174,1.07189564308096,6.25834591438382,0,0,0,0,0,0,0,0,0,0,0,0,0,0,0,0,0,0,0,0,0,0,0,0,0,0.228897044,0.171274592,0.268309507,0.212858687,0.104775397
78,"8/1/2023","15:15:00","Blank","Blank","Flaming",0.279015239898136,3,19.2600702175936,6.001305,64.5266366330847,557.073262622217,-0.000496632,-0.00533983735276946,-0.0461000413347758,0,0,0,0,0,0,0,0,0,0,0,0,0,0,0,0,0,0,0,0,0,0,0,0,0,0.155762672,0.115831509,0.179552889,0.144722325,0.085841365
79,"8/2/2023","10:30:00","Siding/Electrical","Hardie","Pyrolysis",1.6430897460659,17.666666666657,85.3528394911621,6.931017,74.5229938249652,478.765242763256,0.1303899,1.40196535552255,9.00678098573076,0,0,0,0,0,0,0,0,0,0,0,0,0,0,0,0,0,0,0,0,0,0,0,0,0,0.206983936,0.15565665,0.278027258,0.220632988,0.09051977
80,"8/2/2023","11:30:00","Siding/Electrical","Hardie","Flaming",1.27106942620443,13.6666666666861,72.2610689211186,7.099031,76.3294972983382,545.12129898882,-0.000333217,-0.00358278279123734,-0.0255871095484944,0,0,0,0,0,0,0,0,0,0,0,0,0,0,0,0,0,0,0,0,0,0,0,0,0,0.189129041,0.140022959,0.254795523,0.201242792,0.108393298
81,"8/2/2023","13:30:00","Siding/Electrical","LVP","Pyrolysis",20.5231209791758,220.666666666686,1134.71582859,34.0864,366.500410649013,2537.93831382693,0.15296,1.64464134707312,11.3887956628734,0,0,0,0,0,0,0,0,0,0,0,0,0,0,0,0,0,0,0,0,0,0,0,0,0,0.19446866,0.144408715,0.263718065,0.207363927,0.083496373
82,"8/2/2023","14:30:00","Siding/Electrical","LVP","Flaming",10.2615604895879,110.333333333343,567.357914294998,13.53885,145.57108068659,1008.04913807723,2.434355,26.1744304815257,181.252429824099,0,0,0,0,0,0,0,0,0,0,0,0,0,0,0,0,0,0,0,0,0,0,0,0,0,0.19446866,0.144408715,0.263718065,0.207363927,0.083496373
83,"8/4/2023","9:30:00","Siding/Electrical","OSB composite","Flaming",22.507229351783,242,0,0,0,0,0,0,0,0,0,0,0,0,0,0,0,0,0,0,0,0,0,0,0,0,0,0,0,0,0,0,0,0,0,0,0,0,0
84,"8/4/2023","11:00:00","Siding/Electrical","OSB composite","Pyrolysis",427.079327204081,4592,0,0,0,0,0,0,0,0,0,0,0,0,0,0,0,0,0,0,0,0,0,0,0,0,0,0,0,0,0,0,0,0,0,0,0,0,0
85,"8/4/2023","13:00:00","Blank","Blank","Pyrolysis",0.279015239898136,3,11.3819977679447,0,0,0,0,0,0,0,0,0,0,0,0,0,0,0,0,0,0,0,0,0,0,0,0,0,0,0,0,0,0,0,0.263574116,0.197356027,0.351105762,0.281328306,0.124009337
